country,country_comparison_infant_mortality_rate,crude_oil_production,exports,broadband_fixed_subscriptions,budget_surplus_deficit,carbon_dioxide_emissions_from_consumption_of_energy,country_comparison_airports,country_comparison_area,country_comparison_birth_rate,country_comparison_children_under_the_age_of_5_years_underweight,country_comparison_death_rate,country_comparison_education_expenditures,country_comparison_hiv_aids_adult_prevalence_rate,country_comparison_hiv_aids_deaths,country_comparison_hiv_aids_people_living_with_hiv_aids,gdp_per_capita,gdp_real_growth_rate,gross_national_saving,imports,industrial_production_growth_rate,inflation_rate,internet_users,labor_force,natural_gas_consumption,natural_gas_exports,natural_gas_imports,natural_gas_production,natural_gas_proved_reserves,public_debt,refined_petroleum_products_consumption,refined_petroleum_products_exports,refined_petroleum_products_imports,refined_petroleum_products_production,reserves_of_foreign_exchange_and_gold,taxes_and_other_revenues,telephones_fixed_lines,telephones_mobile_cellular,unemployment_rate,crude_oil_proved_reserves,current_account_balance,debt_external,electricity_consumption,electricity_exports,electricity_from_fossil_fuels,electricity_from_hydroelectric_plants,electricity_from_nuclear_fuels,electricity_from_other_renewable_sources,electricity_imports,electricity_installed_generating_capacity,electricity_production,country_comparison_life_expectancy_at_birth,country_comparison_maternal_mortality_rate,country_comparison_median_age,country_comparison_merchant_marine,country_comparison_military_expenditures,country_comparison_net_migration_rate,country_comparison_obesity_adult_prevalence_rate,country_comparison_population,country_comparison_population_growth_rate,country_comparison_railways,country_comparison_roadways,country_comparison_total_fertility_rate,country_comparison_unemployment_youth_ages_15_24,country_comparison_waterways,crude_oil_exports,crude_oil_imports
Afghanistan,104.3,0,784000000,15999,-15.1,9067000,46,652230,36.7,19.1,12.7,4.1,,,11000,2000,2.7,22.7,7616000000,-1.9,5,4717013,8478000,164200000,0,0,164200000,49550000000,7,35000,0,34210,0,7187000000,11.2,125232,21239280,23.9,0,1014000000,284000000,5526000000,0,45,52,0,4,4400000000,634100,1211000000,52.8,638,19.5,,1.2,-0.1,5.5,36643815,2.38,,34903,4.82,17.6,1200,0,0
Akrotiri,,,,,,,1,123,,,,,,,,,,,,,,,,,,,,,,,,,,,,,,,,,,,,,,,,,,,,,,,,,,,,,,,,,,
Albania,10.8,14000,900700000,361947,-2,4500000,3,28748,13,1.5,7.1,3.6,,,1400,5156,2.24,15.9,4103000000,6.8,1.4,2196613,1104000,50970000,0,0,50970000,821200000,71.8,29000,3250,26660,5638,3590000000,27.6,258474,2799066,5.83,168300000,-908000000,9505000000,5110000000,1869000000,5,95,0,0,1827000000,2109000,7138000000,79,15,34.3,68,1.3,-3.3,21.7,3074579,0.28,677,3945,1.53,31.9,41,17290,0
Algeria,17.6,1259000,34370000000,3067022,-9.6,135900000,149,2381740,20,3,4.4,,,,22000,15200,1.4,37.8,48540000000,0.6,1.9,24819531,10859000,41280000000,53880000000,0,93500000000,4.504E+12,27.5,405000,578800,82930,627900,97890000000,32.3,4558502,46287629,11.7,12200000000,-22100000000,6260000000,55960000000,641000000,96,1,0,2,257000000,19270000,66890000000,77.5,112,28.9,114,6,-0.9,27.4,42972878,1.52,3973,104000,2.59,39.3,,756400,5340
American-Samoa,9.9,0,428000000,,-2.1,361100,3,224,17.8,,5.9,,,,,11200,-2.5,,615000000,,-0.5,17000,17850,0,0,0,0,0,12.2,2375,0,2346,0,,37.8,8984,,29.8,0,,,157200000,0,98,0,0,2,0,43000,169000000,74.8,,27.2,,,-26.1,,49437,-1.4,,241,2.35,,,0,0
Andorra,3.5,0,78710000,35663,-6.9,,,468,7,,7.7,3.2,,,,49900,-1.1,,1257000000,,-0.9,78483,39750,0,0,0,0,0,41,,,,0,,69,44050,97645,3.7,0,,0,221600000,6000,61,23,0,15,471300000,520000,99480000,83,,46.2,,,0,25.6,77000,-0.06,,320,1.43,,,0,0
Angola,62.3,1593000,33070000000,109561,-6.7,20950000,102,1246700,42.7,19,8.5,3.4,1.8,13000,340000,3097,-2.5,28.6,19500000000,2.5,17.2,4353033,12510000,821200000,3993000000,0,3115000000,3.081E+11,65,130000,30340,111600,53480,17290000000,29.3,122566,14645106,6.6,9523000000,-1254000000,42080000000,9036000000,0,34,64,0,2,0,2613000,10200000000,61.3,241,15.9,55,1.6,-0.2,8.2,32522339,3.43,2852,26000,5.96,39.4,1300,1782000,0
Anguilla,3.3,,7900000,,0.9,,1,91,12.2,,4.8,,,,,12200,-8.5,,186200000,4,1.3,14211,6049,,,,,,20.1,,,,,76380000,46.7,7461,32332,8,,-23200000,41040000,,,,,,,,,,81.8,,35.7,2,,11.1,,18090,1.86,,175,1.74,,,,
Antarctica,,0,,,,,17,14200000,,,,,,,,,,,,,,4400,,,,,,,,,,,,,,,,,,,,,,,,,,,,,,,,,,,,,,,,,,,,
Antigua-and-Barbuda,11.1,0,86700000,9261,-2.4,740300,3,443,15.4,,5.8,,1.1,,,26400,2.8,17.3,560000000,6.8,2.5,72870,30000,0,0,0,0,0,86.8,5000,91,5065,0,,19.6,24403,187095,11,0,-112000000,441200000,307800000,0,97,0,0,3,0,124000,331000000,77.3,,32.7,780,,2.1,18.9,98179,1.18,,1170,1.97,,,0,0
Argentina,9,489000,82985000000,8473655,-6,203700000,916,2780400,16,1.7,7.4,5.5,0.4,1400,140000,9807,-2.03,17.6,72162000000,2.7,25.7,33203320,18000000,49040000000,76450000,9826000000,40920000000,3.366E+11,57.6,806000,58360,121400,669800,55330000000,18.9,7791464,59008618,9.84,2162000000,-3997000000,2.149E+11,1.21E+11,55000000,69,24,4,3,9851000000,38350000,1.319E+11,77.8,39,32.4,192,0.7,-0.1,28.3,45479118,0.86,36917,281290,2.21,23.7,11000,36630,16740
Armenia,11.5,0,2361000000,347448,-4.8,5501000,7,29743,11.9,2.6,9.5,2.7,0.1,,3500,9500,7.5,17.8,3771000000,5.4,1.4,1966942,1507000,2350000000,0,2350000000,0,0,53.5,8000,0,7145,0,2314000000,22.9,462725,3707557,18.9,0,-328000000,10410000000,5291000000,1424000000,58,32,9,0,275000000,4080000,6951000000,75.6,26,36.6,,4.9,-5.5,20.2,3021324,-0.3,780,7700,1.65,36.3,,0,0
Aruba,9.8,0,137100000,,-2.7,1266000,1,180,12.1,,8.7,5.5,,,,37500,1.2,17,1122000000,,-0.5,113277,51610,1,1,1,1,0,86,8000,0,7891,0,921800000,25.2,39582,159471,7.7,0,22000000,693200000,873300000,0,87,0,0,13,0,296000,939000000,77.5,,39.9,,,8.4,,119428,1.19,,1000,1.83,,,0,0
Australia,3.1,284000,4.04562E+11,7640000,-0.5,439100000,418,7741220,12.4,,6.9,5.1,0.1,,29000,62753,1.84,21,3.34279E+11,1.4,1.6,21419302,12568000,45250000000,67960000000,5776000000,1.052E+11,1.989E+12,40.8,1175000,64120,619600,462500,66580000000,35.5,7792701,27780491,5.16,1821000000,8146000000,1.714E+12,2.294E+11,0,72,11,0,17,0,65560000,2.43E+11,82.7,6,37.5,579,1.9,8.1,29,25466459,1.4,33343,873573,1.74,11.8,2000,192500,341700
Austria,3.3,13000,2.70888E+11,2521100,-0.7,63930000,50,83871,9.5,,9.8,5.4,0.1,,7400,50205,1.42,27,2.53276E+11,6.5,1.5,7712665,3739000,9486000000,5437000000,14020000000,1274000000,6513000000,78.6,268000,49960,135500,186500,21570000000,48.3,3700006,10574725,7.35,41200000,12667000000,6.308E+11,64600000000,19210000000,25,43,0,31,26370000000,24790000,60780000000,81.9,5,44.5,,0.7,3.6,20.1,8859449,0.35,5800,137039,1.49,9.4,358,0,146600
Azerbaijan,21.3,798000,15150000000,1890913,-1.6,35600000,23,86600,14.5,4.9,7,2.5,0.1,,9700,5863,0.1,24.6,9037000000,-3.8,2.6,8017120,4939000,10340000000,8042000000,2095000000,16960000000,9.911E+11,54.1,100000,46480,5576,138900,6681000000,23.5,1686316,10835974,5,7000000000,1685000000,17410000000,20240000000,265000000,84,14,0,2,114000000,7876000,23570000000,73.6,26,32.6,305,4,0,19.9,10205810,0.77,2944,24981,1.88,13.4,,718800,0
Bahamas-The,10.6,0,550000000,87067,-2.6,3089000,54,13880,14.8,,7.4,,1.8,,6000,32400,1.4,11.4,3180000000,5.8,1.4,282739,196900,48020,0,48020,0,0,54.6,20040,0,19150,0,1522000000,17.6,78439,366217,10.1,0,-1909000000,17560000000,1654000000,0,100,0,0,0,0,577000,1778000000,73.3,70,32.8,1401,,0,31.6,337721,0.75,,2700,1.92,25.8,,0,0
Bahrain,8.3,40000,27635000000,184603,-10.1,37980000,4,760,12.7,,2.8,2.3,,,,23441,2.49,19.8,23399000000,0.6,1.4,1423039,831600,15890000000,0,0,15890000000,92030000000,88.5,61000,245300,14530,274500,2349000000,16.6,246603,1706763,3.6,124600000,-1600000000,52150000000,26110000000,213000000,100,0,0,0,276000000,3928000,26810000000,79.4,14,32.9,261,3.7,10.6,29.8,1505003,2.08,,4122,1.69,5.3,,0,226200
Bangladesh,28.3,3000,33057000000,10237003,-3.2,79970000,18,148460,18.1,21.9,5.5,1.3,,,14000,1281,7.4,30.2,44801000000,10.2,5.5,23917950,66640000,29530000000,0,0,29530000000,1.858E+11,33.1,106000,901,81570,26280,33420000000,9.6,1433460,163559380,4.4,28000000,-5322000000,50260000000,53650000000,0,97,2,0,2,0,11900000,60510000000,74.2,173,27.9,376,1.3,-3,3.6,162650853,0.98,2460,369105,2.11,12.8,8370,0,21860
Barbados,9.6,1000,485400000,89340,-4,1760000,1,430,11.3,3.5,8.8,4.4,1.1,,2700,18600,-0.2,7.2,1520000000,2.4,4.4,239664,144000,19820000,0,5653000,14160000,141600000,157.3,11000,0,10630,0,264500000,29.4,141618,319177,10.1,2534000,-189000000,4490000000,990000000,0,93,0,0,7,0,269000,1010000000,76,27,39.5,132,,-0.3,23.1,294560,0.23,,1700,1.68,29.6,,674,0
Belarus,3.5,31000,28650000000,3201519,2.9,56070000,65,207600,9.5,,13.1,4.8,0.4,,28000,6695,1.22,24.5,31580000000,5.6,5.6,7539145,4381000,17700000000,0,17530000000,59460000,2832000000,53.4,141000,351200,14630,477200,7315000000,40.7,4513255,11682764,0.8,198000000,-931000000,39920000000,31720000000,3482000000,96,1,0,3,6319000000,10040000,31580000000,73.8,2,40.9,4,1.2,0.7,24.5,9477918,-0.27,5528,86600,1.5,10.6,2500,31730,468400
Belgium,3.3,0,4.74278E+11,4502950,-1,134700000,41,30528,11.1,,9.8,6.4,,,,47478,1.41,24.5,4.73129E+11,0.2,1.4,10258638,4122000,17610000000,736200000,18090000000,0,0,103.4,648600,680800,601400,731700,26160000000,51.3,3967054,11616970,5.36,0,1843000000,1.281E+12,82160000000,8465000000,35,1,28,36,14650000000,21560000,79830000000,81.4,5,41.6,201,0.93,4.8,22.1,11720716,0.63,3592,118414,1.77,15.8,2043,0,687600
Belize,11.2,2000,457500000,24658,-1,556700,47,22966,22,4.6,4.1,7.6,1.9,,4900,8300,0.8,11.3,845900000,-0.6,1.1,181660,120500,0,0,0,0,0,99,4000,0,4161,36,312100000,29.9,18617,256479,9,6700000,-143000000,1315000000,453000000,0,51,27,0,22,243000000,198000,280000000,75.3,36,23.9,786,1.2,-1,24.1,399598,1.72,,3281,2.7,15.3,825,1220,0
Benin,58.7,0,3056000000,27034,-6.2,5664000,6,112622,42.1,16.8,8.4,2.9,1,2300,75000,1224,5.6,17.3,5458000000,3,-0.8,2403596,3662000,0,0,0,0,1133000000,54.6,38000,1514,38040,0,698900000,17.1,37305,10905559,1,8000000,-1024000000,2804000000,1143000000,0,88,9,0,2,1088000000,321000,335000000,61.4,397,17,6,0.7,0.3,9.6,12864634,3.4,438,16000,5.53,5.6,150,0,0
Bermuda,2.5,0,19000000,,-2.9,793700,1,54,11.2,,9.1,1.5,,,,99400,-0.1,,1094000000,2,1.9,70016,33480,0,0,0,0,0,43,5000,0,3939,0,,16.3,24808,73680,7,0,818600000,2515000000,604500000,0,100,0,0,0,0,171000,650000000,81.7,,43.6,148,,1.6,,71750,0.39,,447,1.91,29.3,,0,0
Bhutan,27,0,554600000,10802,-3.4,604900,2,38394,16.3,12.7,6.3,6.9,0.3,,1300,9000,7.4,40.4,1025000000,6.3,5.8,368714,397900,0,0,0,0,0,106.3,3000,0,3120,0,1206000000,27.2,21916,740026,3.2,0,-547000000,2671000000,2184000000,5763000000,1,99,0,0,84000000,1632000,7883000000,72.1,183,29.1,,,0,6.4,782318,1.02,,12205,1.82,10.7,,0,0
Bolivia,32.2,60000,9632000000,504097,-7.8,17660000,855,1098581,20.8,3.4,6.3,7.3,0.2,,19000,2579,2.22,15.7,10142000000,2.2,1.8,4955569,5719000,3171000000,15460000000,0,18690000000,2.959E+11,49,83000,9686,20620,65960,10260000000,39.9,719399,11567760,4,211500000,-2375000000,12810000000,7785000000,0,76,18,0,7,0,2764000,8951000000,70.4,155,25.3,43,1.4,-0.3,20.2,11639909,1.44,3960,90568,2.48,6.9,10000,1274,0
Bosnia-and-Herzegovina,5.2,0,8843000000,693554,2.1,22070000,24,51197,8.6,1.6,10.2,,,,,6641,3,11,12561000000,3,1.2,2699544,806000,226500000,0,226500000,0,0,39.5,32000,4603,18280,0,6474000000,44,920407,4300743,33.28,0,-873000000,10870000000,11870000000,6007000000,49,51,0,1,3084000000,4676000,16990000000,77.5,10,43.3,,0.9,-0.4,17.9,3835586,-0.19,965,22926,1.33,33.8,,0,18480
Botswana,26.8,0,5934000000,40044,-1,6235000,74,581730,20.9,,9.2,,22.2,5000,380000,17000,2.4,40.3,5005000000,-4.2,2.7,1057079,1177000,0,0,0,0,0,14,21000,0,21090,0,7491000000,30.5,139735,3968526,20,0,2146000000,2187000000,3636000000,0,100,0,0,0,1673000000,735000,2527000000,64.8,144,25.7,,2.8,2.9,18.9,2317233,1.48,888,31747,2.45,36,,0,0
Bouvet-Island,,,,,,,,49,,,,,,,,,,,,,,,,,,,,,,,,,,,,,,,,,,,,,,,,,,,,,,,,,,,,,,,,,,
Brazil,15.9,2587000,2.91452E+11,31233004,-1.1,513800000,4093,8515770,13.6,,6.9,6.3,0.5,14000,920000,11117,1.13,15,2.71257E+11,0,3.7,140908998,86621000,34350000000,134500000,10510000000,23960000000,3.774E+11,84,2956000,279000,490400,2811000,3.74E+11,35.7,33585164,207862093,11.93,12630000000,-50927000000,5.474E+11,5.091E+11,219000000,17,64,1,18,41310000000,150800000,5.679E+11,74.7,60,33.2,864,1.5,-0.1,22.1,211715973,0.67,29850,2000000,1.73,28.5,50000,736600,297700
British-Indian-Ocean-Territory,,,,,,,1,60,,,,,,,,,,,,,,,,,,,,,,,,,,,,,,,,,,,,,,,,,,,,,,,,,,,,,,,,,,
British-Virgin-Islands,11,0,23000000,4715,0,183300,4,151,11.1,,5.4,2.5,,,,34200,2,,300000000,1.1,1.1,27818,12770,0,0,0,0,0,,20000,0,1227,0,,38.9,7640,72589,2.9,0,362600000,36100000,117500000,0,97,0,0,3,0,45200,126300000,79.2,,37.2,29,,15.5,,37381,2.14,,200,1.33,,,0,0
Brunei,8.8,100000,5885000000,49452,-17.3,10040000,1,5765,16.5,9.6,3.8,4.4,,,,78900,1.3,47.5,2998000000,1.5,-0.2,426234,203600,3936000000,8268000000,0,12740000000,2.605E+11,2.8,18000,0,6948,10310,3488000000,18.5,91415,588616,6.9,1100000000,2021000000,0,3771000000,0,100,0,0,0,0,821000,4014000000,77.9,31,31.1,104,3.3,2.3,14.1,464478,1.51,,2976,1.75,28.9,209,127400,160
Bulgaria,8.1,1000,42369000000,1903946,1.8,46310000,68,110879,8.3,1.9,14.6,4.1,,,3300,9888,3.39,25.4,44853000000,3.6,3.1,4571851,3113000,3313000000,31150000,3256000000,79280000,5663000000,23.9,97000,92720,49260,144300,28380000000,35.7,974056,8149389,5.66,15000000,2060000000,42060000000,32340000000,9187000000,39,23,20,19,4568000000,10750000,42290000000,75,10,43.7,83,3.25,-0.3,25,6966899,-0.65,5114,19512,1.49,12.7,470,0,133900
Burkina-Faso,52,0,3902000000,13818,-7.9,3421000,23,274200,35.1,17.7,8.2,5.4,0.8,3100,100000,821,6.4,9.3,5294000000,10.4,-3.2,3158834,8501000,0,0,0,0,0,38.1,23000,0,23580,0,49000000,21.2,75066,20330657,77,0,-1019000000,3056000000,1551000000,0,80,9,0,12,630000000,342400,990000000,62.7,320,17.9,,2.4,-0.6,5.6,20835401,2.66,622,15304,4.51,8.7,,0,0
Burma,31.7,11000,16267000000,129050,-3.2,27010000,64,676578,17,18.5,7.2,1.9,0.6,7700,240000,6300,6.8,17.7,14958000000,8.9,8.8,17064985,22300000,4502000000,14070000000,0,18410000000,6.371E+11,33.6,123000,0,102600,13330,4924000000,13.5,544283,63877526,4,139000000,240000000,6594000000,14930000000,0,39,61,0,1,0,5205000,17320000000,69.3,250,29.2,95,2.9,-1.4,5.8,56590071,0.85,5031,157000,2.07,2,12800,1824,0
Burundi,40.1,0,279000000,3935,-5.7,217000,7,27830,36.5,27.2,6.2,5.1,1.2,1800,85000,208,0,-5.3,1040000000,-2,-0.6,298684,5012000,0,0,0,0,0,51.7,1500,0,1374,0,97400000,15.8,20758,6644833,,0,-418000000,610900000,382700000,0,14,73,0,14,100000000,68000,304000000,66.7,548,17.7,,1.8,-0.8,5.4,11865821,2.85,,12322,5.28,2.9,,0,0
Cabo-Verde,19.7,0,189000000,15657,-3,867800,9,4033,19.1,,5.9,5.2,0.6,,2500,3980,4,32.4,836100000,2.9,1.1,330623,196100,0,0,0,0,0,125.8,5600,0,5607,0,617400000,27.8,60233,623749,9,0,-109000000,1713000000,367400000,0,79,0,0,21,0,162500,395000000,73.2,58,26.8,44,0.5,-0.6,11.8,583255,1.28,,1350,2.16,27.8,,0,0
Cambodia,43.7,0,11420000000,166200,-1.8,10550000,16,181035,21.3,24.1,7.3,2.2,0.6,1300,73000,4000,6.9,13.7,14370000000,10.6,2.9,6579808,8913000,0,0,0,0,0,30.4,45000,0,43030,0,12200000000,17.9,56749,21684767,0.3,0,-1871000000,11870000000,5857000000,0,35,63,0,2,1583000000,1697000,5210000000,65.9,160,26.4,268,2.3,-0.3,3.9,16926984,1.4,642,47263,2.39,1.1,3700,0,0
Cameroon,51.5,69000,4732000000,17987,-3.4,7672000,33,475440,36.3,11,8.1,3.1,3.2,14000,510000,3700,3.5,25.5,4812000000,3.3,2.4,6089200,9912000,906100000,0,0,910400000,1.351E+11,36.9,45000,8545,14090,39080,3235000000,15.3,966035,22062303,4.3,200000000,-932000000,9375000000,6411000000,0,52,47,0,1,55000000,1558000,8108000000,62.3,529,18.5,29,1.1,-0.3,11.4,27744989,2.78,987,77589,4.66,6.3,,96370,36480
Canada,4.3,4264000,6.18762E+11,14445606,-1,640600000,1467,9984670,10.2,,7.9,5.3,,,,52205,1.66,20.8,6.29402E+11,4.9,1.9,33743954,18136000,1.244E+11,83960000000,26360000000,1.591E+11,2.056E+12,89.7,2445000,1115000,405700,2009000,86680000000,39.3,13258721,34597559,5.67,1.705E+11,-35425000000,1.608E+12,5.222E+11,73350000000,23,56,9,12,2682000000,143500000,6.496E+11,83.4,10,41.8,669,1.31,5.6,29.4,37694085,0.81,77932,1042300,1.57,11.1,636,2818000,806700
Cayman-Islands,5.5,0,421900000,24535,4.8,643800,3,264,11.9,,6.1,,,,,43800,1.7,,787300000,2.2,2,48328,39000,0,0,0,0,0,,4400,0,4285,0,,38.9,33338,92691,4,0,-492600000,,612000000,0,100,0,0,0,0,132000,650000000,81.6,,40.5,170,,13,,61944,1.9,,785,1.83,13.8,,0,0
Central-African-Republic,80.6,0,113700000,608,-0.9,413800,39,622984,33.2,20.8,12.3,1.2,3.6,3800,100000,700,4.3,5.4,393100000,3.9,2.7,249336,2242000,0,0,0,0,0,52.9,2800,0,2799,0,304300000,14.6,2934,1892114,6.9,0,-163000000,779900000,159400000,0,50,50,0,1,0,38300,171400000,54.2,829,20,,1.5,0,7.5,5990855,2.09,,24000,4.14,,2800,0,0
Chad,68.6,132000,2464000000,334,-1.5,342200,59,1284000,41.7,29.4,10,2.5,1.2,3200,120000,813,-3.1,15.5,2160000000,-4,-0.9,1029153,5654000,0,0,0,0,0,52.5,2300,0,2285,0,22900000,13.5,6540,7857758,,1500000000,-558000000,1724000000,208600000,0,98,0,0,3,0,48200,224300000,58.3,1140,16.1,,2.2,-0.1,6.1,16877357,3.18,,40000,5.68,,,70440,0
Chile,6.2,3000,90626000000,3250678,-2.8,88230000,481,756102,13.1,0.5,6.5,5.4,0.5,,74000,15098,1.03,20.5,87505000000,-0.4,2.2,14757868,7249000,5125000000,277500000,4446000000,1218000000,97970000000,23.6,354500,7359,166400,216200,38980000000,20.8,2620195,23870679,7.22,150000000,-10933000000,1.834E+11,73220000000,0,59,26,0,15,0,24530000,76090000000,79.4,13,35.5,221,1.8,0.3,28,18186770,0.71,7282,77801,1.77,18.1,,0,169600
China,11.4,3773000,2.49E+12,407382000,-3.8,11670000000,507,9596960,11.6,2.4,8.2,,,,,8041,6.14,45.8,2.14E+12,6.1,2.8,751886119,774710000,2.386E+11,3370000000,97630000000,1.459E+11,5.44E+12,47,12470000,848400,1160000,11510000,3.236E+12,21.3,185097221,1672545161,3.64,25630000000,1.41335E+11,1.598E+12,5.564E+12,18910000000,62,18,2,18,6185000000,1653000000,5.883E+12,76.1,29,38.4,5594,1.9,-0.4,6.2,1394015977,0.32,131000,4960600,1.6,,110000,57310,6710000
Christmas-Island,,,,,,,1,135,,,,,,,,,,,,,,790,,,,,,,,,,,,,,,,,,,,,,,,,,,,,,,,,,,,2205,1.11,18,140,,,,,
Cocos-(Keeling)-Islands,,,,,,,1,14,,,,,,,,,1,,,,,,,,,,,,,,,,,,,,,0.1,,,,,,,,,,,,,,,,,,,,596,0,,22,,,,,
Colombia,12.3,863000,61697000000,6678543,-2.7,95590000,836,1138910,15.4,3.7,5.6,4.5,0.5,4100,200000,7838,3.26,18.9,87072000000,-2.2,3.5,29990017,19309000,10080000000,0,48140000,10020000000,1.139E+11,49.4,333000,56900,57170,303600,47130000000,26.5,6774363,64033049,10.5,1665000000,-13748000000,1.246E+11,68250000000,460000000,29,69,0,2,378000000,16890000,74920000000,76.6,83,31.2,115,3.2,-0.6,22.3,49084841,0.93,2141,206500,1.94,18.5,24725,726700,0
Comoros,55,0,161000000,1531,-6.5,193600,4,2235,23.6,16.9,6.9,2.5,,,,1406,2.7,17.3,471000000,1,1,69635,278500,0,0,0,0,0,32.4,1300,0,1241,0,208000000,25.3,9840,563722,6.5,0,-27000000,199800000,39060000,0,96,4,0,0,0,27000,42000000,65.7,273,20.9,230,,-2.3,7.8,846281,1.47,,880,2.95,19.5,,0,0
Congo-Democratic-Republic-of-the,64.5,17000,21160000000,4620,-0.9,3146000,198,2344858,41,23.4,8.4,1.5,0.8,15000,520000,421,3.4,11.5,19500000000,1.6,41.5,8231357,20692000,0,0,0,0,991100000,18.1,21000,0,21140,0,457500000,11.2,0,42166976,,180000000,-200000000,4963000000,7430000000,422000000,2,98,0,0,20000000,2587000,9046000000,61,473,16.7,21,0.7,-0.9,6.7,101780263,3.18,4007,152373,5.77,8.7,15000,20000,0
Congo-Republic-of-the,50.7,340000,4193000000,,-7,5239000,27,342000,32.6,12.3,8.7,3.5,3.1,4500,100000,6800,-3.1,19.5,2501000000,-3,2.2,437865,2055000,1387000000,0,0,1387000000,90610000000,130.8,17000,5766,7162,15760,505700000,22.5,17076,4933529,36,1600000000,-1128000000,4605000000,912000000,22000000,64,36,0,0,18000000,591500,1696000000,61.3,378,19.5,11,2.7,-0.9,9.6,5293070,2.26,510,23324,4.45,,1120,254100,0
Cook-Islands,11.9,0,3125000,,3,88810,11,236,13.3,,9,4.7,,,,16700,0.1,,109300000,1,2.2,4881,6820,0,0,0,0,0,,600,0,611,0,,29,3305,7308,13.1,0,26670000,141000000,31620000,0,79,0,0,21,0,14000,34000000,76.6,,38.3,205,,-29.9,55.9,8574,-2.59,,295,2.12,,,0,0
Costa-Rica,7.5,0,10810000000,834784,-6.1,7653000,161,51100,14.8,,4.9,7,0.4,,14000,16900,3.3,15.1,15150000000,1.3,2,3694974,1843000,0,0,0,0,0,48.9,53000,0,51320,0,7150000000,14.3,630386,8163744,8.1,0,-1692000000,26830000000,9812000000,643000000,18,64,0,18,807000000,3584000,10790000000,79.2,27,32.6,11,,0.8,25.7,5097988,1.08,278,5035,1.87,20.6,730,0,0
Cote-d'Ivoire,59.1,52000,16326000000,175918,-4.2,11540000,27,322463,29.1,12.8,7.9,3.3,2.7,13000,430000,1692,7.8,15.9,14248000000,4.2,-1.1,12295204,8747000,2322000000,0,0,2322000000,28320000000,47,51000,31450,7405,69360,6257000000,19.1,284799,39049743,9.4,100000000,-1860000000,13070000000,6245000000,872000000,60,40,0,0,19000000,1914000,9730000000,61.3,617,20.3,15,1.1,1.2,10.3,27481086,2.26,660,81996,3.67,5.5,980,26700,62350
Croatia,8.6,14000,36280000000,1127591,0.8,17960000,69,56594,8.7,,12.8,3.9,,,1600,16923,2.94,24.7,37612000000,1.2,0.7,3104212,1656000,2577000000,172700000,1841000000,1048000000,24920000000,77.8,73000,40530,35530,74620,18820000000,46.1,1371999,4531122,8.07,71000000,1597000000,48100000000,15930000000,3200000000,45,40,0,16,8702000000,4921000,12200000000,76.7,8,43.9,336,1.68,-1,24.4,4227746,-0.5,2722,26958,1.42,23.7,785,0,55400
Cuba,4.3,50000,2630000000,98838,-10.8,26940000,133,110860,10.4,,9.1,12.8,0.3,,32000,12300,1.6,11.4,11060000000,-1.2,5.5,6353020,4691000,1189000000,0,0,1189000000,70790000000,47.7,175000,24190,52750,104100,11350000000,58.1,1475679,5911586,2.6,124000000,985400000,30060000000,16160000000,0,91,1,0,8,0,6998000,19280000000,79.2,36,42.1,52,2.9,-3.7,24.6,11059062,-0.25,8367,60000,1.71,6.1,240,0,112400
Curacao,7,0,839700000,51836,-0.4,,1,444,13.4,,8.7,4.9,,,,15000,3.6,,5.403E+11,,2.6,102359,73010,0,0,0,0,0,33.2,70000,167500,45800,189800,0,16.6,57443,174260,13,0,-400000000,,968000000,0,,,,,0,,1785000000,79,,36.7,74,,-1.3,,151345,0.35,,550,2,29.3,,0,191300
Cyprus,7.4,0,20650000000,313462,1.8,7720000,15,9251,10.9,,7,5.8,0.1,,,23948,3.08,13.7,21070000000,13.4,0.2,1044473,416000,0,0,0,0,1.416E+11,97.5,49000,500,49240,0,888200000,39.9,469305,1801213,7.07,0,-1578000000,95280000000,4355000000,0,85,0,0,15,0,1770000,4618000000,79.3,6,37.9,1039,1.6,7.6,21.8,1266676,1.15,,19901,1.48,20.2,,0,0
Czechia,2.6,2000,2.29578E+11,3222835,1.6,115800000,128,78867,8.9,,10.7,3.9,,,4400,25816,2.27,26.9,2.11922E+11,7.5,2.8,8622750,5222000,8721000000,0,8891000000,229400000,3964000000,34.7,213700,52200,83860,177500,1.48E+11,40.5,1473846,13213279,2.8,15000000,-678000000,2.052E+11,62340000000,24790000000,60,5,19,16,13820000000,21630000,77390000000,79.3,3,43.3,,1.19,2.3,26,10702498,0.06,9408,55744,1.48,6.7,664,446,155900
Denmark,3.2,115000,2.26589E+11,2534348,1.1,37450000,80,43094,11.1,,9.5,7.8,0.1,,6200,66351,2.85,28.8,1.97818E+11,2.5,0.7,5672398,2736000,3115000000,2237000000,509700000,4842000000,12860000000,35.3,158500,133700,109700,183900,75250000000,53,1017009,7331110,3.05,439000000,30935000000,4.848E+11,33020000000,9919000000,46,0,0,54,14980000000,14340000,29840000000,81.2,4,42,682,1.32,2.8,19.7,5869410,0.48,3476,74558,1.78,9.4,400,82980,98240
Dhekelia,,,,,,,,131,,,,,,,,,,,,,,,,,,,,,,,,,,,,,,,,,,,,,,,,,,,,,,,,,,,,,,,,,,
Djibouti,41.6,0,139900000,25508,-9,950200,13,23200,22.7,29.9,7.3,3.6,0.9,,6800,3600,6.7,22.3,726400000,2.7,0.7,492221,294600,0,0,0,0,0,31.8,6360,403,6692,0,547700000,35.3,34671,371992,40,0,-280000000,1954000000,377100000,0,100,0,0,0,0,130300,405500000,64.7,248,24.9,20,,5.1,13.5,921804,2.07,97,2893,2.19,,,0,0
Dominica,9.7,0,28000000,11514,-5.9,199600,2,751,14.5,,8,5.6,0.6,,,11000,-4.7,10.8,206600000,-13,0.6,51538,25000,0,0,0,0,0,82.7,1300,0,1237,0,212300000,40.9,2751,78437,23,0,-70000000,280400000,103600000,0,72,25,0,3,0,27800,111400000,77.7,,34.9,108,,-5.3,27.9,74243,0.13,,1512,2.02,,,0,0
Dominican-Republic,20.9,0,10120000000,794788,-3,23790000,36,48670,18.5,4,6.3,,0.9,1900,72000,17000,4.6,21.6,17700000000,3.1,1.8,7705529,4732000,1161000000,0,1161000000,0,0,37.2,134000,0,108500,16060,6873000000,14.9,1172083,8665302,5.1,0,-165000000,29160000000,15640000000,0,77,16,0,7,0,3839000,18030000000,72,95,27.9,37,0.7,-2.7,27.6,10499707,0.95,496,19705,2.24,13.5,,0,16980
Ecuador,15,517000,25446000000,1953607,-4.5,37540000,432,283561,17,5.1,5.2,5,0.4,,47000,5097,0.06,25.9,26096000000,-0.6,0.2,9448692,8086000,453100000,0,0,477800000,10900000000,45.4,265000,25870,153900,137400,2395000000,32,2111291,15241719,5.71,8273000000,-53000000,39290000000,22680000000,211000000,43,54,0,2,82000000,8192000,26500000000,77.5,59,28.8,137,2.3,0,19.9,16904867,1.2,965,43216,2.09,7.9,1500,383500,0
Egypt,17.1,639000,87891000000,6579762,-8.6,232700000,83,1001450,27.2,7,4.4,,,,26000,2943,4.2,9,1.15345E+11,3.5,9.3,46644728,24113000,57710000000,212400000,7079000000,50860000000,2.186E+12,103,878000,47360,280200,547500,35890000000,17.9,8885103,96657295,7.86,4400000000,-8915000000,77470000000,1.597E+11,1158000000,91,6,0,2,54000000,45120000,1.835E+11,73.7,37,24.1,393,1.2,-0.3,32,104124440,2.28,5085,65050,3.29,29.6,3500,246500,64760
El-Salvador,11.8,0,4662000000,492265,-2.5,7331000,68,21041,18.6,5,5.9,3.6,0.6,,27000,8000,2.3,14.9,9499000000,3.6,0,2153776,2908000,0,0,0,0,0,67.9,52000,347,49280,0,3567000000,23.7,882498,9442667,7,0,-501000000,15510000000,5928000000,89600000,49,23,0,29,1066000000,1983000,5830000000,74.8,46,27.7,2,1.2,-4.8,24.6,6481102,0.83,13,9012,2.09,9.6,,0,0
Equatorial-Guinea,59.7,172000,8776000000,1620,-3.3,3062000,7,28051,30.7,5.6,7.3,,7,1800,65000,9228,-3.2,6.1,6245000000,-6.9,1.2,209253,195200,1189000000,4878000000,0,6069000000,36810000000,37.4,5200,0,5094,0,45500000,16.9,6779,368920,8.6,1100000000,-738000000,1211000000,465000000,0,61,38,0,2,0,331000,500000000,65.7,301,20.3,38,1.1,0,8,836178,2.35,,2880,4.11,,,308700,0
Eritrea,43.3,0,624300000,600,-9.8,597100,13,117600,27.9,39.4,6.9,,0.7,,14000,1600,5,5.5,1127000000,5.4,9,78215,2710000,0,0,0,0,0,131.2,4000,0,3897,0,236700000,34.9,116882,1226660,5.8,0,-137000000,792700000,353900000,0,99,0,0,1,0,160700,415900000,66.2,480,20.3,9,,-11.6,5,6081196,0.93,306,16000,3.73,,,0,0
Estonia,3.7,0,23950000000,441167,-0.3,5306000,18,45228,9.3,,12.9,5,0.9,,7400,20897,5,27,23323000000,9.5,2.2,1111896,648000,481400000,0,481400000,0,0,9,28300,27150,35520,0,345000000,39.9,302606,1820088,4.94,0,616000000,19050000000,8795000000,5613000000,72,0,0,28,3577000000,2578000,11550000000,77.4,9,43.7,69,2.14,-3.1,21.2,1228624,-0.65,2146,58412,1.61,11.8,335,0,0
Eswatini,42.8,0,2389000000,7000,-8.5,1140000,14,17364,24.5,5.8,10.1,7.1,27.1,2300,200000,4821,1.6,25.4,2605000000,5.6,6.2,510984,427900,0,0,0,0,0,28.4,5300,0,5279,0,563100000,28.6,40003,1025061,28,0,604000000,526300000,1431000000,0,39,20,0,41,1077000000,295900,381000000,58.6,437,23.7,,1.8,-6.8,16.5,1104479,0.77,301,3769,2.52,47.1,,0,0
Ethiopia,35.8,0,3230000000,580120,-3.2,12180000,57,1104300,31.6,21.1,5.9,4.7,1.1,12000,670000,537,10.9,32.1,15590000000,10.5,15.7,19118470,52820000,0,0,0,0,24920000000,54.2,74000,0,69970,0,3013000000,13.9,1095946,38147361,17.5,428000,-6551000000,26050000000,9062000000,166000000,3,86,0,11,0,2784000,11150000000,67.5,401,19.8,11,0.7,-0.2,4.5,108113150,2.56,659,120171,4.14,25.2,,0,0
Falkland-Islands-(Islas-Malvinas),,0,257300000,1610,-4,44070,7,12173,10.9,,4.9,,,,,70800,25.5,,90000000,,1.4,3000,1850,0,0,0,0,0,0,290,0,286,0,,32.5,2255,4674,1,0,,0,17670000,0,74,0,0,26,0,12100,19000000,,,,3,,,,3198,0.01,,440,,,,0,0
Faroe-Islands,5.1,0,1184000000,18181,-1.7,739300,1,1393,14.9,,8.8,,,,,40000,5.9,25.7,978400000,3.4,-0.3,49783,27540,0,0,0,0,0,35,4600,0,4555,0,,30.2,19137,59771,2.2,0,,387600000,285500000,0,54,31,0,16,0,128300,307000000,80.8,,37.2,107,,0,,51628,0.6,,960,2.31,,,0,0
Fiji,8.8,0,908200000,13033,-4,2369000,28,18274,17.4,,6.3,3.9,0.2,,1000,9800,3,12.7,1911000000,2.8,3.4,462860,353100,0,0,0,0,0,48.9,16000,0,17460,0,1116000000,29.7,80650,1097345,4.5,0,-277000000,1022000000,850000000,0,34,38,0,27,0,338000,914000000,73.7,34,29.9,64,1.6,-6.2,30.2,935974,0.5,597,3440,2.31,15.4,203,0,0
Finland,2.5,0,1.19887E+11,1737000,-0.6,46010000,148,338145,10.6,,10.3,6.4,0.1,,4000,49380,1.15,23.3,1.20437E+11,6.2,1,4922163,2520000,2350000000,4000000,2322000000,0,,61.3,217100,166200,122200,310600,10510000000,53.1,269980,7179481,6.63,0,-603000000,1.506E+11,82790000000,3159000000,41,20,17,23,22110000000,16270000,66540000000,81.3,3,42.8,269,1.5,2.6,22.2,5571665,0.3,5926,454000,1.74,17,8000,0,236700
France,3.2,16000,9.69077E+11,29100000,-2.6,341200000,464,643801,11.9,,9.6,5.5,0.3,,190000,45739,1.49,22.9,1.02163E+12,2,1.1,55265718,27742000,41880000000,6031000000,48590000000,16990000,8410000000,96.8,1705000,440600,886800,1311000,1.564E+11,53.8,39234941,74791818,8.12,65970000,-18102000000,5.36E+12,4.508E+11,61410000000,17,15,50,19,19900000000,130800000,5.291E+11,82.2,8,41.7,552,1.84,1.1,21.6,67848156,0.35,29640,1053215,2.06,20.8,,0,1147000
French-Polynesia,4.5,0,1245000000,59790,1.2,1030000,54,4167,14,,5.5,,,,,17000,2,,2235000000,,0,211101,126300,0,0,0,0,0,,6600,0,6785,0,,39.4,63769,305233,21.8,0,207700000,,629900000,0,70,19,0,11,0,253000,677300000,77.9,,33.3,17,,-0.7,,295121,0.79,,2590,1.83,56.7,,0,0
French-Southern-and-Antarctic-Lands,,,,,,,4,,,,,,,,,,,,,,,,,,,,,,,,,,,,,,,,,,,,,,,,,,,,,,,,,,,,,,,,,,,
Gabon,30.4,196000,10800000000,29099,-1.9,4293000,44,267667,26.3,6.4,5.9,2.7,3.6,1100,51000,9119,0.5,25.6,5020000000,1.8,2.4,1313802,557800,401000000,0,0,401000000,28320000000,62.7,24000,4662,10680,16580,981600000,17.6,22412,3008814,28,2000000000,-725000000,6490000000,2071000000,0,51,49,0,0,344000000,671000,2244000000,69,252,21,28,1.6,3.9,15,2230908,2.5,649,14300,3.41,35.7,1600,214200,0
Gambia-The,54.9,0,643000000,4433,-2.6,607300,1,11300,27,10.3,6.7,2.4,2,1100,28000,815,4.6,6.8,1246000000,-0.8,7.1,406918,777100,0,0,0,0,0,88,3800,42,3738,0,170000000,20.3,41179,2977068,,0,-194000000,586800000,282800000,0,97,0,0,3,0,117000,304100000,65.8,597,21.8,8,0.8,-1.6,10.3,2173999,1.87,,2977,3.21,13.1,390,0,0
Gaza-Strip,14.9,,1955000000,320500,,,1,360,28.6,1.4,3,5.3,,,,,-15.2,,8590000000,2.2,0.2,2673000,1240000,,,,,,,,,,,446300000,,472293,4135363,27.9,0,-1444000000,,202000,0,,,,,193000,,51000,74.9,27,18,,,-4.7,,1918221,2.13,,,3.64,42.2,,,
Georgia,13.8,400,3566000000,840603,-3.8,9912000,22,69700,11.6,1.1,11,3.5,0.3,,9100,10700,5,23,7415000000,6.7,4.8,3151218,686000,2294000000,0,2294000000,7363000,8495000000,44.9,27000,2052,28490,247,3039000000,28.7,638092,6638125,11.8,35000000,-1348000000,16990000000,12370000000,560000000,35,65,0,0,1329000000,4641000,13240000000,77,25,38.6,82,2,0.1,21.7,3997000,0.05,1363,20295,1.75,29.9,,3006,2660
Germany,3.3,41000,2.00416E+12,34174900,1.3,847600000,539,357022,8.6,0.5,12.1,4.9,0.1,,87000,50800,0.59,28,1.80445E+12,3.3,1.4,72202773,44585000,93360000000,34610000000,1.195E+11,7900000000,39500000000,63.9,2460000,494000,883800,2158000,2.001E+11,45,38847530,103090116,4.98,129600000,2.80238E+11,5.326E+12,5.365E+11,78860000000,41,2,5,52,28340000000,208500000,6.128E+11,81.1,7,47.8,609,1.38,1.5,22.3,80159662,-0.19,33590,625000,1.47,6.2,7467,6569,1836000
Ghana,32.1,173000,13840000000,62320,-6,13670000,10,238533,29.6,12.6,6.6,4,1.7,14000,340000,4700,8.4,9,12650000000,16.7,8.4,10959964,12490000,1232000000,0,317400000,914400000,22650000000,71.8,90000,2654,85110,2073,7555000000,20.3,272801,38571189,11.9,660000000,-2131000000,22140000000,9363000000,187000000,58,42,0,1,511000000,3801000,12520000000,68.2,308,21.4,48,0.4,-1.6,10.9,29340248,2.15,947,109515,3.9,9.1,1293,104000,6220
Gibraltar,5.6,0,202300000,19232,1.1,13340000,1,,13.8,,8.6,,,,,61700,,,2967000000,,2.5,27823,24420,0,0,0,0,0,7.5,78000,0,74200,0,,23.3,14865,35510,1,0,,,230800000,0,100,0,0,0,0,43000,238800000,80,,35.5,232,,-3.3,,29581,0.2,,29,1.9,,,0,0
Greece,3.7,4100,92925000000,3961864,0.8,69370000,77,131957,7.8,,12,,0.2,,14000,24588,1.87,10.9,94597000000,3.5,0.2,7783381,4000000,4927000000,0,4984000000,8000000,991100000,181.8,304100,371900,192200,655400,7807000000,48.8,5080386,12070571,17.3,10000000,-3114000000,5.066E+11,56890000000,1037000000,57,14,0,29,9833000000,19170000,52050000000,81.1,3,45.3,1308,2.28,0.9,24.9,10607051,-0.31,2548,117000,1.38,39.9,6,3229,484300
Greenland,8.3,0,407100000,13192,5.6,613800,15,2166086,14.1,,9,,,,,41800,7.7,,783500000,,0.3,40084,26840,0,0,0,0,0,13,4000,0,3973,0,,77.4,7259,66009,9.1,0,,36400000,468000000,0,51,49,0,0,0,187000,538000000,73.4,,34.3,8,,-6,,57616,-0.08,,,1.94,,,0,0
Grenada,8.9,0,39900000,22235,3.2,283600,3,344,14.6,,8.3,3.2,0.5,,,15100,5.1,11.7,316000000,10,0.9,66281,55270,0,0,0,0,0,70.4,2000,0,1886,0,199100000,25.8,33011,115008,24,0,-77000000,793500000,185100000,0,96,0,0,4,0,51100,202100000,75.2,25,33.3,6,,-2.6,21.3,113094,0.38,,1127,1.96,,,0,0
Guam,10.8,0,1124000000,,-1,2214000,5,544,18.9,,6,,,,,35600,0.4,,2964000000,,1,135073,73210,0,0,0,0,0,22.1,14000,0,13500,0,,21.4,70639,181000,4.5,0,,,1601000000,0,94,0,0,6,0,560000,1722000000,77,,29.4,3,,-11,,168485,0.2,,1045,2.84,29.4,,0,0
Guatemala,21.8,9600,11120000000,506000,-1.3,17150000,291,108889,23.3,12.4,4.9,3.2,0.3,1200,36000,8200,2.8,13.6,17110000000,1.8,3.7,10777827,6664000,0,0,0,0,2960000000,24.7,89000,10810,97900,1162,11770000000,10.8,1894179,20026347,2.3,83070000,1134000000,22920000000,10100000000,1858000000,41,31,0,28,747000000,4605000,12120000000,72.4,95,23.2,9,0.4,-1.7,21.2,17153288,1.68,800,17621,2.72,5,990,9383,0
Guernsey,3.3,,,,1.2,,2,78,9.8,,9.2,,,,,52500,0.4,,,,3.4,55050,31470,,,,,,,,,,,,20.6,36547,71249,1.2,,,,,,,,,,,,,82.8,,44.3,,,1.9,,67052,0.26,,260,1.57,,,,
Guinea,52.4,0,5041000000,1213,-0.5,2794000,16,245857,36.1,16.3,8.4,2.3,1.4,3100,110000,937,8.2,5.1,7924000000,11,9.4,2133974,5558000,0,0,0,0,0,37.9,19000,0,18460,0,331800000,16.6,0,12283911,2.7,0,-705000000,1458000000,556100000,0,33,67,0,0,0,550000,598000000,63.2,576,19.1,2,2,0,7.7,12527440,2.76,1086,44301,4.92,1,1300,0,0
Guinea-Bissau,51.9,0,188000000,1204,-1.3,397900,8,36125,36.9,17,7.9,2.1,3.4,1500,40000,598,5.9,8.6,383000000,2.5,0.2,72047,731300,0,0,0,0,0,53.9,2700,0,2625,0,356400000,18.2,0,1555961,,0,-27000000,1095000000,36270000,0,99,0,0,1,0,28300,39000000,62.8,667,18,8,1.4,-3.8,9.5,1927104,2.51,,4400,4.75,,,0,0
Guyana,27.6,0,1439000000,64889,-4.5,2131000,117,214969,15.5,8.2,7.5,5.5,1.4,,8700,8100,2.1,10.5,1626000000,-5,2,276498,313800,0,0,0,0,0,52.2,14000,0,13720,0,565400000,28.1,130497,617998,11.1,0,-237000000,1690000000,790100000,0,89,0,0,11,0,428000,1010000000,69.5,667,27.5,56,1.7,0,20.2,750204,0.72,,3995,1.89,21.5,330,0,0
Haiti,42.6,0,980200000,31100,-1,3595000,14,27750,21.7,9.5,7.4,2.8,1.9,2700,160000,1800,1.2,24.9,3618000000,0.9,14.7,3503006,4594000,0,0,0,0,0,31.1,21000,0,20030,0,2361000000,18.2,5464,6287411,40.6,0,-348000000,2762000000,406200000,0,82,18,0,0,0,332000,1023000000,65.3,480,24.1,4,,-1.9,22.7,11067777,1.26,,4266,2.52,,,0,0
Heard-Island-and-McDonald-Islands,,,,,,,,412,,,,,,,,,,,,,,,,,,,,,,,,,,,,,,,,,,,,,,,,,,,,,,,,,,,,,,,,,,
Holy-See-(Vatican-City),,,,,,,,,,,,,,,,,,,,,,,4822,,,,,,,,,,,,,,,,,,,,,,,,,,,,,,,,,,,1000,0,,,,,,,
Honduras,14.6,0,8675000000,354861,-2.7,9436000,103,112090,18.5,7.1,4.7,6.1,0.4,,25000,5600,4.8,22.1,11320000000,4.5,4.3,2853505,3735000,0,0,0,0,0,39.5,59000,12870,56120,0,4708000000,20.3,458696,6633309,5.6,0,-380000000,8625000000,7220000000,536000000,40,25,0,34,195000000,2546000,8501000000,74.6,65,24.4,527,1.6,-1.4,21.4,9235340,1.27,699,14742,2.09,10.7,465,0,0
Hong-Kong,2.7,0,5.68877E+11,2714679,5.2,102500000,2,1108,8.4,,7.9,3.8,,,,38293,-1.25,26.6,5.65253E+11,1.7,2.8,6450167,3627000,3370000000,0,3370000000,0,0,0.1,403100,13570,402100,0,4.314E+11,23.2,3942605,20868827,2.93,0,22469000000,6.336E+11,41840000000,1205000000,100,0,0,0,11620000000,12630000,35970000000,83.2,,45.6,2701,,1.7,,7249907,0.24,,2107,1.21,8.7,,0,0
Hungary,4.7,16000,1.6799E+11,3079549,-2,51280000,41,93028,8.8,,12.9,4.7,,,3700,17749,4.58,25.7,1.5963E+11,7.4,3.3,7474413,4414000,10390000000,3520000000,13370000000,1812000000,6598000000,73.6,167700,58720,82110,152400,28000000000,44.5,3084836,10394172,3.45,24000000,-392000000,1.381E+11,39370000000,5240000000,64,1,22,13,17950000000,8639000,30220000000,76.7,12,43.6,,1.21,1.3,26.4,9771827,-0.28,8049,203601,1.47,10.2,1622,2713,121000
Iceland,2.1,0,10415000000,136556,1.5,3228000,96,103000,13.3,,6.6,7.7,0.1,,,54696,1.94,25.8,9399000000,2.4,3,340117,200000,0,0,0,0,0,40,20850,2530,20220,0,6567000000,42.4,128597,423390,3.62,0,1496000000,21700000000,17680000000,0,4,71,0,25,0,2772000,18170000000,83.3,4,37.1,37,0.3,3.3,21.9,350734,1.02,,12898,1.97,6.1,,0,0
India,35.4,709000,5.72073E+11,18170000,-3.5,2383000000,346,3287263,18.2,33.4,7.3,3.8,0.2,69000,2100000,2100,4.86,28.8,6.24314E+11,5.5,3.7,446759327,521900000,55430000000,76450000,23960000000,31540000000,1.29E+12,71.2,4521000,1305000,653300,4897000,4.098E+11,9.2,20198012,1105250941,8.5,4495000000,-29748000000,5.016E+11,1.137E+12,5150000000,71,12,2,16,5617000000,367800000,1.386E+12,69.7,145,28.7,1731,2.4,0,3.9,1326093247,1.1,68525,4699024,2.35,22.5,14500,0,4057000
Indonesia,20.4,772000,2.49628E+11,8874116,-2.7,540700000,673,1904569,15.4,17.7,6.6,3.6,0.4,38000,640000,4455,5.03,31.7,2.2344E+11,4.1,2.8,104563108,129366000,42320000000,29780000000,0,72090000000,2.866E+12,28.8,1601000,79930,591500,950000,1.302E+11,13,9272754,337766682,5.31,3310000000,-30359000000,3.444E+11,2.134E+11,0,85,9,0,6,693000000,61430000,2.354E+11,73.7,177,31.1,9879,0.7,-1.1,6.9,267026366,0.79,8159,496607,2.04,16.5,21579,302300,498500
Iran,14.9,4251000,1.014E+11,9806123,-2.3,638300000,319,1648195,16.3,4.1,5.3,4,,2500,59000,20100,3.7,37.9,76390000000,3,10,58117322,30500000,2.069E+11,11640000000,3993000000,2.145E+11,3.372E+13,39.5,1804000,397200,64160,1764000,1.206E+11,17.3,29330454,119598034,11.8,1.572E+11,9491000000,7995000000,2.363E+11,6822000000,84,15,1,0,4221000000,77600000,2.723E+11,74.5,16,31.7,785,3.8,-0.3,25.8,84923314,1.1,8484,223485,1.94,27.6,850,750200,0
Iraq,19.5,4613000,61400000000,4492328,-4.2,117900000,102,438317,25.7,3.9,3.9,,,,,5604,-2.1,19,39470000000,0.7,-0.1,18364390,8900000,2633000000,0,1359000000,1274000000,3.82E+12,59.7,826000,8284,255100,398000,48880000000,35.7,2678046,36092758,16,1.488E+11,4344000000,73020000000,38460000000,0,91,9,0,0,11970000000,27090000,75450000000,72.6,79,21.2,73,3.5,-0.5,30.4,38872655,2.16,2272,59623,3.39,25.6,5279,3092000,0
Ireland,3.6,0,5.41789E+11,1430160,-0.3,36910000,40,70273,13,,6.8,3.5,0.2,,7500,81340,5.86,33.1,4.89957E+11,7.8,0.9,4283516,2289000,5238000000,0,1642000000,3511000000,9911000000,68.6,153700,37040,126600,64970,4412000000,26,1854605,5398848,4.98,0,-44954000000,2.47E+12,25680000000,1583000000,65,2,0,33,871000000,9945000,28530000000,81.2,5,37.8,93,0.3,3.9,25.3,5176569,1.04,4301,99830,1.94,13.8,956,5900,66210
Isle-of-Man,3.9,,,,0.3,,1,572,10.8,,10.4,,,,,84600,-8.6,,,,4.1,,41790,,,,,,,,,,,,14.2,,,1.1,,,,,,,,,,,,,81.6,,44.6,,,5.2,,90499,0.59,63,500,1.9,10.1,,,
Israel,3.3,390,1.04992E+11,2410000,-2,73820000,42,21937,17.6,,5.3,6.1,0.2,,9000,37527,3.28,23.6,1.1623E+11,3.5,0.8,6873037,3893000,9995000000,0,509700000,9826000000,1.76E+11,60.9,242200,111700,98860,294300,1.13E+11,26.5,3050693,10839024,3.81,12730000,13411000000,88660000000,55000000000,5200000000,95,0,0,5,0,17590000,63090000000,83,3,30.4,40,5,2.1,26.1,8675475,1.46,1384,19555,2.59,7.2,,0,231600
Italy,3.2,90000,6.8734E+11,17060505,-2.3,351000000,129,301340,8.4,,10.7,4,0.3,,130000,35589,0.34,20.3,6.47058E+11,2.1,0.6,46305301,22920000,75150000000,271800000,69660000000,5550000000,38110000000,131.8,1236000,615900,422500,1607000,1.512E+11,46.6,20196475,82955151,9.88,487800000,59517000000,2.444E+12,2.935E+11,6155000000,54,14,0,32,43180000000,114200000,2.753E+11,82.5,2,46.5,1353,1.22,3.2,19.9,62402659,0.11,20182,487700,1.47,32.2,2400,13790,1341000
Jamaica,11.6,0,5114000000,284756,0.5,8900000,28,10991,16.1,2.2,7.5,5.2,1.4,1000,32000,9200,0.7,18.3,7314000000,0.9,3.9,1548618,1113000,198200000,0,198200000,0,0,101,55000,823,30580,24250,3781000000,29.7,379420,2882469,7.72,0,-298000000,14940000000,2847000000,0,83,3,0,15,0,1078000,4007000000,75.2,80,29.4,39,1.6,-9.4,24.7,2808570,-0.07,,22121,2.07,24.2,,0,24360
Jan-Mayen,,,,,,,1,377,,,,,,,,,,,,,,,,,,,,,,,,,,,,,,,,,,,,,,,,,,,,,,,,,,,,,,,,,,
Japan,1.9,3200,1.08415E+12,41496293,-3.5,1268000000,175,377915,7.3,3.4,10.2,3.2,,,30000,48979,0.7,28,1.03211E+12,1.4,0.4,106725643,66540000,1.272E+11,169900000,1.166E+11,3058000000,20900000000,237.6,3894000,370900,1100000,3467000,1.264E+12,35.2,62775494,175187425,2.36,44120000,1.85644E+11,3.24E+12,9.437E+11,0,71,8,1,20,0,295900000,9.893E+11,86,5,48.6,5017,0.93,0,4.3,125507472,-0.27,27311,1218772,1.43,3.6,1770,0,3208000
Jersey,3.6,,,,-0.4,450000,1,116,12.7,,7.9,,,,,56600,1,,,,3.7,58000,59950,,,,,,,,,,,,16.6,55938,122668,4,,,,630100000,,,,,,,,,82.2,,37.5,,,2.3,,101073,0.72,,576,1.67,,,,
Jordan,12.8,22,13109000000,399596,-5.1,27390000,18,89342,23,3,3.4,3.1,,,,3291,2,9.1,19669000000,1.4,0.3,6985174,731000,5238000000,1359000000,6456000000,121800000,6031000000,95.9,139000,0,68460,67240,15560000000,23.6,375576,8215735,19.1,1000000,-1222000000,29340000000,16820000000,50000000,87,0,0,12,334000000,4764000,18600000000,75.5,46,23.5,32,4.7,-11.3,35.5,10820644,1.4,509,7203,3.04,35.6,,0,67980
Kazakhstan,17.9,1856000,76455000000,2462900,-1.8,304600000,96,2724900,16.4,2,8.2,2.6,0.2,,33000,11845,6.13,23.7,69117000000,5.8,5.2,14789448,8685000,15370000000,12800000000,5748000000,22410000000,2.407E+12,20.8,274000,105900,39120,290700,30750000000,22.3,3275584,26223595,4.8,30000000000,-7206000000,1.675E+11,94230000000,5100000000,86,14,0,1,1318000000,20150000,1.008E+11,72,10,31.6,124,1.1,0.4,21,19091949,0.89,16614,95409,2.16,3.8,4000,1409000,1480
Kenya,29.8,0,10078000000,371498,-6.7,17980000,197,580367,27.2,11.2,5.2,5.3,4.8,21000,1500000,1354,5.39,10.4,18729000000,3.6,5.1,9129243,19600000,0,0,0,0,0,54.2,109000,173,90620,13960,7354000000,17.6,68072,54336841,40,0,-57594000000,27590000000,7863000000,39100000,33,34,0,33,184000000,2401000,9634000000,69,342,20,24,1.3,-0.2,7.1,53527936,2.2,3819,177800,3.43,7.4,,0,12550
Kiribati,29.2,0,84750000,884,-64.1,58850,19,811,20.5,14.9,6.9,,,,,2000,3.1,,107100000,1.1,0.4,15946,39000,0,0,0,0,0,26.3,400,0,420,0,0,76.8,22,51401,30.6,0,18000000,40900000,26970000,0,73,0,0,27,0,11000,29000000,67.5,92,25.7,89,,-2.8,46,111796,1.09,,670,2.25,17.1,5,0,0
North-Korea,20,0,222000000,,-0.4,27830000,82,120538,14.5,9.3,9.4,,,,,1700,-1.1,,2320000000,1,,,14000000,0,0,0,0,0,,18000,0,8260,11270,,11.4,1183806,3821857,25.6,0,,5000000000,13890000000,0,45,55,0,0,0,10010000,16570000000,71.6,89,34.6,264,,0,6.8,25643466,0.51,7435,25554,1.92,,2250,0,10640
South-Korea,3,0,6.83996E+11,21285858,1.4,778400000,111,99720,8.2,0.7,6.8,4.3,,,,28941,2.04,36.6,5.99705E+11,4.6,0.3,49309955,26839000,45280000000,0,48650000000,339800000,7079000000,39.5,2584000,1396000,908800,3302000,3.892E+11,23.2,24924607,69445005,3.76,,59971000000,3.846E+11,5.076E+11,0,70,2,21,8,0,111200000,5.26E+11,82.6,11,43.2,1880,2.7,2.3,4.7,51835110,0.39,3979,100428,1.29,10.2,1600,0,3057000
Kosovo,30.2,0,428000000,,-2.1,10050000,6,10887,15.4,,7,,,,,4281,3.7,17.3,3223000000,1.2,2.6,1706150,500300,0,0,0,0,0,21.2,14000,192,14040,0,683900000,29,117317,620186,30.5,0,-467000000,506000000,3957000000,885700000,97,3,0,1,557000000,1573000,5638000000,72.7,,30.5,,0.8,-1.8,,1932774,0.66,333,2012,1.95,55.4,,0,0
Kuwait,6.5,2807000,84825000000,103821,-10,106500000,7,17818,18,3,2.3,,,,,33087,-3.3,35.4,54556000000,2.8,1.5,2904801,2695000,21720000000,0,5125000000,17100000000,1.784E+12,20.6,446000,705500,0,915800,33700000000,41.8,368305,5147990,1.1,1.015E+11,7127000000,47240000000,57780000000,0,100,0,0,0,0,18890000,65950000000,78.6,12,29.7,154,5.6,-3.3,37.9,2993706,1.27,,5749,2.26,15.4,,479700,0
Kyrgyzstan,23.3,1000,2742000000,355640,-3.2,10020000,28,199951,20.6,1.8,6.3,6,0.2,,10000,1127,4.6,27.3,5477000000,10.9,1.1,2222732,2841000,186900000,0,169900000,28320000,5663000000,56,37000,2290,34280,6996,2177000000,28.7,275311,7940306,3.18,40000000,-306000000,8164000000,10520000000,184000000,24,76,0,0,331000000,4046000,13040000000,71.8,60,27.3,,1.5,-5,16.6,5964897,0.96,424,34000,2.54,14.2,600,0,4480
Laos,45.6,0,3654000000,45379,-5.5,10420000,41,236800,22.4,21.1,7.2,2.9,0.3,,13000,7400,6.9,22.7,4976000000,8,0.8,1845437,3582000,0,0,0,0,0,63.6,18000,0,17460,0,1270000000,18.3,1526232,4466375,0.7,0,-2057000000,14900000000,5471000000,8469000000,28,72,0,1,2500000000,6940000,29740000000,65.7,185,24,1,0.2,-1,5.3,7447396,1.44,,39586,2.53,18.2,4600,0,0
Latvia,5,0,20444000000,525995,-0.5,8632000,42,64589,9.2,,14.6,4.4,0.3,,5600,16778,2.08,20.7,22049000000,10.6,2.8,1607711,885000,1218000000,0,1246000000,0,0,36.3,44600,16180,54370,0,4614000000,37.5,227149,2067174,6.14,0,-222000000,40020000000,6798000000,3795000000,39,53,0,8,4828000000,2932000,6241000000,75.4,19,44.4,58,2.01,-5.9,23.6,1881232,-1.12,1860,70244,1.53,12.2,300,0,0
Lebanon,6.8,0,3524000000,9395,-6.9,23360000,8,10400,13.6,,5.4,2.5,,,2700,19600,1.5,-0.7,18340000000,-21.1,2.8,4769039,2166000,0,0,0,0,0,146.8,154000,0,151100,0,55420000000,21.5,752547,3614797,9.7,0,-12370000000,39300000000,15710000000,0,88,11,0,1,69000000,2346000,17590000000,78.3,29,33.7,55,4.2,-88.7,32,5469612,-6.68,401,21705,1.71,,,0,0
Lesotho,41.5,0,1106000000,5763,-6,711100,24,30355,23.2,10.5,15.4,7,23.1,4800,340000,1384,-1.6,20.3,2613000000,12.5,5.3,569114,930800,0,0,0,0,0,33.7,5000,0,5118,0,657700000,39.7,7865,2238186,28.1,0,-102000000,934600000,847300000,0,0,100,0,1,373000000,80400,510000000,53,544,24.7,,1.5,-6.1,16.6,1969334,0.16,,5940,2.5,34.4,,0,0
Liberia,47.4,0,330000000,8000,-4.3,1163000,29,111369,37.3,13.6,7,2.6,1.5,1900,47000,516,2.5,-21.9,1820000000,9,12.4,383819,1677000,0,0,0,0,0,34.4,8000,0,8181,0,459800000,16.9,8394,2793316,2.8,0,-627000000,1036000000,279000000,0,57,43,0,0,0,151000,300000000,64.7,661,18,3496,0.5,-2.9,9.9,5073296,2.71,429,10600,4.9,2.3,,0,0
Libya,11.5,1039000,18380000000,168920,-25.1,46480000,146,1759540,23,11.7,3.5,,0.2,,9500,8141,64,5,11360000000,60.3,28.5,1440859,1114000,4446000000,4644000000,0,9089000000,1.505E+12,4.7,260000,16880,168200,89620,74710000000,51.6,1618511,6182105,30,48360000000,2574000000,3020000000,27300000000,0,100,0,0,0,376000000,9460000,34240000000,76.7,72,25.8,94,,-0.7,32.5,6890535,1.94,,37000,3.17,48.7,,337800,0
Liechtenstein,4.2,,3217000000,16712,1.6,,,160,10.4,,7.8,2.6,,,,139100,1.8,,2230000000,,-0.4,37815,38520,,,,,,,,,,,,14.9,14337,49355,2.4,,,0,393600000,0,,,,,325200000,,68430000,82.2,,43.7,,,4.9,,39137,0.75,9,630,1.69,,28,,
Lithuania,3.8,2000,45358000000,788743,0.5,13490000,61,65300,9.5,,15,3.8,0.1,,3400,18844,4.33,18,43733000000,5.9,2.3,2226806,1333000,2492000000,0,2492000000,0,0,39.7,58000,174800,42490,196500,4450000000,33.7,368515,4663627,8.4,12000000,1817000000,34480000000,10500000000,730000000,73,4,0,23,11110000000,3710000,3131000000,75.5,5,44.5,58,2.03,-5.9,26.3,2731464,-1.13,1768,84166,1.6,11.1,441,1002,182900
Luxembourg,3.3,0,1.3361E+11,224300,1.5,10720000,2,2586,11.6,,7.3,3.6,0.3,,1200,112009,2.31,22.3,1.11287E+11,1.9,1.7,587955,476000,792800000,0,792800000,0,0,23,59850,0,59020,0,878000000,44.4,268043,837890,5.36,0,3254000000,3.781E+12,6475000000,1420000000,25,8,0,67,7718000000,1709000,334500000,82.6,5,39.5,143,0.56,13.3,22.6,628381,1.8,275,2875,1.62,14.2,37,0,0
Macau,3.1,0,1450000000,193057,10,2563000,1,28,7.9,,4.9,2.7,,,,122000,9.1,,11100000000,2,2.7,508052,392000,178200000,0,175500000,0,0,0,12700,0,14180,0,20170000000,29.2,119355,2108274,2,0,16750000000,0,5077000000,0,100,0,0,0,4306000000,472000,929000000,84.6,,40.8,1,,3.3,,614458,0.64,,428,0.96,5.3,,0,0
Macedonia,7.4,0,4601000000,427964,-2.7,7459000,10,25713,10.7,1.3,9.6,,,300,,14900,0,30.3,6630000000,-7.8,0.7,1677569,793000,198200000,0,198200000,0,0,39.3,21000,3065,23560,0,2802000000,29,402250,2094037,17.29,0,-151000000,8790000000,6420000000,58500000,60,37,0,3,2191000000,1828000,5396000000,76.3,7,39,,0.9,0.4,22.4,2125971,0.15,925,14182,1.5,45.4,,142,0
Madagascar,37.8,0,5272000000,27211,-2.7,4021000,83,587041,29.9,26.4,6.2,2.8,0.2,1400,39000,497,4.2,14.8,5855000000,5.2,5.6,2516994,13400000,0,0,0,0,0,36,18000,0,18880,0,1600000000,15.9,68426,10677153,1.8,0,-35000000,4089000000,1587000000,0,74,24,0,2,0,675400,1706000000,67.3,335,20.3,28,0.6,0,5.3,26955737,2.39,836,31640,3.78,1,600,0,0
Malawi,39.5,0,10718000000,11358,-3.4,1082000,32,118484,40.1,11.8,7.2,4.7,9.5,13000,1100000,1200,4,3.9,12818000000,1.2,9.3,2734305,7000000,0,0,0,0,0,59.2,6000,0,4769,0,780200000,21.7,14357,9799352,20.4,0,-591000000,2102000000,1321000000,0,1,93,0,6,0,375000,1420000000,63.2,349,16.8,,0.9,0,5.8,21196629,3.3,767,15452,5.31,40.5,700,0,0
Malaysia,11.4,647000,2.65499E+11,2696000,-3,226800000,114,329847,18.3,13.7,5.3,4.2,0.4,2700,88000,12482,4.31,28.5,2.33719E+11,5,0.6,25829444,15139000,30440000000,38230000000,2803000000,69490000000,1.183E+12,54.1,704000,208400,304600,528300,1.024E+11,16.4,6530410,44997299,3.3,3600000000,12295000000,2.172E+11,1.369E+11,3000000,78,18,0,4,33000000,33000000,1.483E+11,75.9,29,29.2,1748,1,-0.3,15.6,32652083,1.29,1851,144403,2.43,10.5,7200,326200,166000
Maldives,19.8,0,256200000,53470,-10.1,1648000,9,298,16,17.7,4.1,4.1,,,,19200,4.8,0.5,2125000000,14,2.3,248004,222200,0,0,0,0,0,63.9,11000,0,10840,0,477900000,26.4,12316,611662,2.9,0,-876000000,848800000,373900000,0,96,0,0,4,0,278000,402000000,76.4,53,29.5,62,,-12.7,8.6,391904,-0.08,,93,1.71,15.9,,0,0
Mali,64,0,3060000000,120934,-2.9,3388000,25,1240192,42.2,18.6,9,3.8,1.2,5800,140000,792,5.4,16.5,3644000000,6.3,1.9,2395886,6447000,0,0,0,0,0,35.4,22000,0,20610,0,647800000,20,227831,21850850,7.9,0,-886000000,4192000000,2982000000,0,68,31,0,1,800000000,590000,2489000000,61.6,562,16,,2.7,-3.9,8.6,19553397,2.95,593,139107,5.72,16.9,1800,0,0
Malta,4.6,0,23868000000,191833,3.9,8141000,1,316,9.9,,8.3,4.8,0.1,,,37300,4.94,33.5,21940000000,-3.3,1.6,365521,223000,283200000,0,311500000,0,0,50.7,45000,10400,52290,0,833000000,40.4,264557,653414,0.78,0,1561000000,90980000000,2122000000,0,81,0,0,19,1525000000,575100,813000000,82.8,6,42.3,2172,0.6,6.6,28.9,457267,0.87,,2254,1.49,9.1,,0,0
Marshall-Islands,17.4,0,0,1000,1.3,293700,15,181,22.8,11.9,4.3,,,,,3600,2.5,,103800000,,0,29290,10670,0,0,0,0,,25.5,2000,0,2060,0,,52.6,3172,21169,36,0,-1000000,97960000,604500000,0,81,19,0,0,0,52000,650000000,74.1,,23.8,3537,,-4.5,52.9,77917,1.43,,2028,2.86,11,,0,0
Mauritania,47.9,4000,321000000,13222,-0.8,2615000,30,1030700,29,19.2,7.5,1.9,0.2,,5700,175,3.5,24.2,318000000,1,2.2,798809,1437000,0,0,0,0,28320000000,96.6,17000,0,17290,0,875000000,27.4,53742,4083199,10.2,20000000,-711000000,4150000000,1059000000,0,65,16,0,20,0,558000,1139000000,64.5,766,21,5,2.8,-0.8,12.7,4005475,2.09,728,12253,3.65,15.2,,5333,0
Mauritius,9,0,2360000000,274200,-0.3,6429000,5,2040,12.6,,7.3,4.7,1,,11000,22300,3.8,16.9,4986000000,3.2,0.4,799470,554000,0,0,0,0,0,64,27000,0,26960,0,5984000000,22.5,470166,2076577,6.65,0,-875000000,19990000000,2726000000,0,79,7,0,14,0,894000,2898000000,76.5,61,36.3,28,0.2,0,10.8,1379365,0.54,,2428,1.73,23.9,,0,0
Mexico,10.7,1852000,4.91593E+11,18359028,-1.1,454100000,1714,1964375,17.6,4.2,5.4,4.5,0.2,4000,230000,10275,-0.3,21.4,4.80886E+11,-0.6,3.6,82843369,50914000,81610000000,36810000,50120000000,31570000000,2.798E+11,54.3,1984000,155800,867500,844600,1.753E+11,22.7,22471647,121117720,3.49,6630000000,-4351000000,4.458E+11,2.587E+11,7308000000,71,17,2,9,3532000000,72560000,3.027E+11,76.7,33,29.3,637,0.5,-1.9,28.9,128649565,1.04,20825,398148,2.19,6.9,2900,1214000,0
Micronesia-Federated-States-of,17.8,0,88300000,3776,6.6,105,6,702,18.9,,4.3,12.5,,,,3400,2,,167800000,,0.5,36586,37920,,,,0,0,24.5,,0,,0,203700000,65.2,6420,21374,16.2,0,12000000,93600000,178600000,0,96,1,0,3,0,18000,192000000,73.9,88,26.3,39,,-20.9,45.8,102436,-0.6,,,2.29,18.9,,0,0
Moldova,11.1,0,3985000000,623135,-0.6,7653000,7,33851,10.7,2.2,12.6,5.4,0.6,,15000,2441,4.5,13.5,7113000000,3,4.8,2616792,1295000,2520000000,0,2520000000,11330000,,31.5,18000,275,18160,232,2803000000,30.2,901317,3039990,4.99,0,-602000000,6549000000,4400000000,0,86,12,0,2,4000000,515000,5490000000,71.9,19,37.7,142,0.4,-9,18.9,3364496,-1.08,1171,9352,1.58,7.4,558,0,20
Monaco,1.9,,964600000,19822,-1,,,,6.4,,10.8,1.5,,,,115700,5.4,,1371000000,6.8,1.5,29821,52000,,,,,,,,,,,,14.9,34903,26725,2,,,,,,,,,,,,,89.3,,55.4,,,8.3,,39000,0.37,,,1.55,26.6,,,
Mongolia,19.2,20000,7012000000,306150,-6.4,19860000,44,1564116,16.6,1.9,6.3,4.1,,,,13700,5.1,26.9,5875000000,-1,4.6,735823,1241000,0,0,0,0,0,91.4,27000,0,24190,0,3016000000,26.6,385191,4297643,8,,-1155000000,25330000000,5932000000,51000000,87,2,0,11,1446000000,1134000,5339000000,70.8,45,29.8,271,0.7,-0.8,20.6,3168026,0.99,1815,113200,1.95,16.8,580,14360,0
Montenegro,3.4,0,422200000,159029,-5.6,2287000,5,13812,11.5,1,10.4,,,,,17800,4.3,13.2,2618000000,-4.2,0.3,439311,167000,0,0,0,0,0,67.2,6000,357,6448,0,1077000000,37.2,183387,1121870,15.82,0,-780000000,2516000000,2808000000,914000000,23,69,0,8,1210000000,890000,3045000000,77.3,6,39.6,12,1.66,-4.9,23.3,609859,-0.37,250,7762,1.82,29.4,,0,0
Montserrat,11.1,0,4400000,,,57180,1,102,11.7,,6,8.8,,,,34000,7.4,,39440000,-21,1.2,2860,4521,0,0,0,0,0,,400,0,406,0,47580000,,3227,5377,5.6,0,-15400000,8900000,22320000,0,100,0,0,0,0,5000,24000000,75.3,,34.8,,,0,,5373,0.58,,,1.36,,,0,0
Morocco,18.2,160,48565000000,1552599,-3.6,55400000,55,446550,17.9,2.6,6.6,,,,21000,3450,2.5,30.1,64120000000,2.8,0.2,22596729,10399000,1218000000,0,1133000000,87780000,1444000000,65.1,278000,9504,229300,66230,26270000000,20.9,1982934,45065083,9.23,684000,-5075000000,51480000000,28250000000,165000000,68,16,0,15,5289000000,8303000,28750000000,73.3,70,29.1,86,3.1,-1.9,26.1,35561654,0.96,2067,57300,2.31,22.2,,0,61160
Mozambique,64.7,0,3349000000,70142,-5.6,11120000,98,799380,38.6,15.6,11,5.5,12.1,51000,2200000,1300,3.11,16.8,7371000000,4.9,2.7,2855670,12900000,1841000000,4162000000,0,6003000000,2.832E+12,102.1,26000,0,25130,0,3361000000,26.7,61575,13992090,24.5,0,-3025000000,10910000000,11570000000,12880000000,16,83,0,1,9928000000,2626000,18390000000,55.9,289,17,29,0.99,-1.7,7.2,30098197,2.62,4787,31083,4.97,7.4,460,0,0
Namibia,31.4,0,6087000000,61968,-5.5,3958000,112,824292,25.7,13.2,7.3,3.1,12.7,3000,210000,7873,-1.56,16.7,9921000000,-0.4,3.7,1291944,956800,0,0,0,0,62290000000,41.3,27000,80,26270,0,2432000000,32.2,144575,2921697,34,0,-216000000,7969000000,3891000000,88000000,28,64,0,8,3073000000,535500,1403000000,65.3,195,21.8,12,3,0,17.2,2630073,1.86,2628,48875,3.07,38,,0,0
Nauru,7.4,0,125000000,,-9.2,76540,1,21,21.9,,6,,,,,12300,4,,64900000,,5.1,5524,,0,0,0,0,0,62,470,0,449,0,,90.3,1900,9212,23,0,5000000,33300000,22320000,0,86,0,0,14,0,7000,24000000,68.4,,27,2,,-11.3,61,11000,0.46,,30,2.68,26.6,,0,0
Nepal,25.1,0,818700000,791961,-0.1,8396000,47,147181,18.1,27.2,5.7,5.1,0.1,,30000,2700,7.9,45.4,10000000000,12.4,4.5,10103980,16810000,0,0,0,0,0,26.4,27000,0,26120,0,9091000000,23.8,855926,41880311,3,0,-93000000,5849000000,4983000000,2690000,5,92,0,3,2175000000,943100,4244000000,71.8,186,25.3,,1.6,-3.1,4.1,30327877,0.98,59,27990,1.96,21.4,,0,0
Netherlands,3.5,18000,8.57574E+11,7406700,1.1,250200000,29,41543,11,,9.2,5.2,0.2,,24000,56329,1.63,31.2,7.5565E+11,3.3,2.6,16243928,8907000,43380000000,51250000000,51000000000,45330000000,8.014E+11,56.5,954500,2406000,2148000,1282000,38440000000,43.4,5598798,21914852,3.41,81130000,90207000000,4.063E+12,1.088E+11,19340000000,75,0,1,23,24260000000,34170000,1.093E+11,81.7,5,42.8,1217,1.36,1.9,20.4,17280397,0.37,3058,139124,1.77,7.2,6237,7984,1094000
New-Caledonia,5,0,2207000000,,0,6165000,25,18575,14.5,,5.9,,,,,31100,2,,2715000000,3.5,1.4,231887,119500,0,0,0,0,0,6.5,20000,0,19100,0,,20.4,82111,275002,14.7,0,-1469000000,112000000,2739000000,0,87,8,0,6,0,996200,2945000000,78.4,,32.9,19,,3.8,,290009,1.25,,5622,1.88,38.4,,0,0
New-Zealand,3.5,24000,56219000000,1647000,1.6,37750000,123,268838,12.8,,6.9,6.3,,,3500,39815,2.22,21,63622000000,1.8,1.6,4340672,2709000,5182000000,0,0,5097000000,33700000000,31.7,169100,1782,56000,115100,20680000000,36.8,1801645,6550687,4.13,51800000,-6962000000,91620000000,39500000000,0,23,58,0,20,0,9301000,42530000000,82.1,9,37.2,113,1.5,8,30.8,4925477,1.44,4128,94000,1.87,11.5,,26440,108900
Nicaragua,16.5,0,3819000000,192413,-2,5405000,147,130370,17.1,4.6,5.2,4.4,0.2,,9600,5900,4.9,24,6613000000,3.5,5.3,1695340,3046000,0,0,0,0,0,33.3,37000,460,20120,14720,2758000000,28,215055,5433530,6.4,0,-694000000,11310000000,3590000000,17870000,56,9,0,35,205000000,1551000,4454000000,74.2,198,27.3,6,0.7,-2.4,23.7,6203441,0.96,,23897,1.82,8.5,2220,0,16180
Niger,67.7,9000,1525000000,8650,-5,2534000,30,1267000,47.5,21.8,10.2,3.5,0.3,1100,33000,472,4.9,22.4,2999000000,6,-2.5,1110778,6500000,0,0,0,0,0,45.3,14000,5422,3799,15280,1314000000,21.4,116352,8921769,0.3,150000000,-1160000000,3728000000,1065000000,0,95,0,0,5,779000000,184000,494700000,59.3,509,14.8,1,1.8,-0.7,5.5,22772361,3.66,,18949,7,0.7,300,0,0
Nigeria,59.8,1989000,1146000000,73965,-1.8,104000000,54,923768,34.6,21.8,9.1,,1.3,45000,1800000,5900,0.8,18.2,32670000000,2.2,11.3,85450052,60080000,17240000000,27210000000,0,44480000000,5.475E+12,21.8,325000,2332,223400,35010,38770000000,3.4,146075,184013243,16.5,37450000000,10380000000,40960000000,24720000000,0,80,19,0,0,0,10520000,29350000000,60.4,917,18.6,677,0.5,-0.2,8.9,214028302,2.53,3798,195000,4.72,13.8,8600,2096000,0
Niue,,0,201400,,-12.6,7252,1,260,,,,,,,,5800,6.2,,9038000,,4,1090,663,0,0,0,0,0,,50,0,54,0,,,,,12,0,,418000,2790000,0,87,0,0,13,0,2300,3000000,,,,61,,,50,2000,-0.03,,234,,,,0,0
Norfolk-Island,,,,,,,1,36,,,,,,,,,,,,,,765,978,,,,,,,,,,,,,,,,,,,,,,,,,,,,,,,,,,,1748,0.01,,80,,,,,
North-Macedonia,,,,,,,,,,,,,,,,,,,,,1.3,,,,,,,,,,,,,,,,,,,,,,,,,,,,,,,,,,1.2,,,,,,,,,,,
Northern-Mariana-Islands,11.5,,914000000,,3.7,,5,464,15.1,,5.3,,,,,24500,28.6,,893000000,,0.3,16000,27970,,,,,,7.1,,,,,,31.4,20398,,11.2,,,,48300,0,,,,,0,,60600,76.1,,32.8,1,,-15.4,,51433,-0.55,,536,2.7,,,,
Norway,2.5,1517000,1.85101E+11,2206519,4.4,39800000,95,323802,12.2,,8.1,7.9,0.1,,5800,91781,0.86,34.3,1.58037E+11,1.5,2.1,5183627,2699000,4049000000,1.202E+11,5663000,1.239E+11,1.782E+12,36.5,205300,432800,135300,371600,65920000000,54.4,571958,5810113,3.72,6376000000,16656000000,6.423E+11,1.222E+11,15530000000,3,93,0,4,5741000000,33860000,1.477E+11,82.1,2,39.5,1576,1.8,4,23.1,5467439,0.85,4200,94902,1.84,9.7,1577,1383000,36550
Oman,11.7,979000,1.033E+11,422035,-13.8,68940000,132,309500,23.1,11.2,3.3,6.8,0.1,,2500,46000,-0.9,16.1,24120000000,-3,0.1,2801932,2255000,21940000000,11160000000,1982000000,31230000000,6.513E+11,46.9,188000,33700,6041,229600,16090000000,31.3,456940,4926899,,5373000000,-10760000000,46270000000,28920000000,0,100,0,0,0,0,8167000,32160000000,76.3,19,26.2,51,8.8,-0.4,27,4664844,1.96,,60230,2.76,13.7,,844100,0
Pakistan,52.3,90000,31517000000,1811365,-5.8,179500000,151,796095,27.4,23.1,6.2,2.9,0.1,6800,190000,1404,5.4,12,42270000000,5.4,9.3,34734689,61710000,45050000000,0,6003000000,39050000000,5.888E+11,67,557000,25510,264500,291200,18460000000,15.4,2607495,174702132,6,332200000,-7143000000,82190000000,92330000000,0,62,27,5,7,490000000,26900000,1.097E+11,69.2,140,22,54,4,-0.9,8.6,233500636,2.07,11881,263775,3.6,7.8,,13150,168200
Palau,9.8,,23170000000,,8.8,,3,459,11.3,,8.3,,,,,14700,-3.7,48.7,4715000000,,0.9,7650,11610,,,,,,24.1,,,,,0,66.1,8808,29033,1.7,,-53000000,18380000000,,,,,,,,,,74.1,,33.9,203,,0.9,55.3,21685,0.39,,125,1.7,5.6,,,
Panama,9.1,0,25940000000,540220,-1.6,26080000,117,75420,17.1,,5.1,3.2,0.9,,26000,11910,5.4,38.9,28978000000,6.3,0.9,2199433,1633000,0,0,0,0,0,37.8,146000,66,129200,0,2703000000,20.1,671799,5073123,6.14,0,-3036000000,91530000000,8708000000,139000000,36,51,0,13,30000000,3400000,10600000000,79.2,52,30.1,7860,,-0.1,22.7,3894082,1.2,77,,2.23,10.2,800,0,0
Papua-New-Guinea,33.2,45000,8522000000,17000,-4.8,6082000,561,462840,22.5,27.8,6.7,1.9,0.8,,52000,3700,2.5,36.8,1876000000,3.3,5.4,787764,3681000,99110000,11100000000,0,11180000000,2.105E+11,36.9,37000,0,17110,22170,1735000000,18.4,133593,3401971,2.5,183800000,4859000000,17940000000,3237000000,0,63,30,0,7,0,900900,3481000000,67.8,145,24,171,0.4,0,21.3,7259456,1.6,,9349,2.84,3.6,11000,55600,22220
Paracel-Islands,,,,,,,1,,,,,,,,,,,,,,,,,,,,,,,,,,,,,,,,,,,,,,,,,,,,,,,,,,,1440,,,,,,,,
Paraguay,16.9,0,11730000000,320700,-1.1,7740000,799,406752,16.6,1.3,4.9,3.4,0.4,,22000,12800,4.8,18.6,11350000000,2,3.6,4566043,3428000,0,0,0,0,0,19.5,43000,0,40760,0,7877000000,14.2,309221,7602566,5.7,0,-298000000,17700000000,10900000000,41130000000,0,99,0,1,0,8870000,63130000000,77.9,84,29.7,106,1,-0.1,20.3,7191685,1.16,30,74676,1.89,14.5,3100,0,0
Peru,16.7,49000,55583000000,2310217,-3.1,55940000,191,1285216,17,2.6,6.2,3.8,0.4,,87000,6550,2.18,19.8,48211000000,2.7,2.1,16461427,3421000,7483000000,5505000000,0,12990000000,4.559E+11,25.4,250000,62640,65400,166600,63830000000,27.1,3099172,39138119,6.58,434900000,-3531000000,66250000000,44610000000,55000000,61,35,0,4,22000000,14730000,50130000000,74.7,88,29.1,98,1.2,-1.8,19.7,31914989,0.92,1854,140672,2.04,14.7,8808,7995,86060
Philippines,20,13000,1.31193E+11,3919713,-2.2,117200000,247,300000,22.9,19.1,6,,0.1,1600,97000,3340,6.04,24.3,1.58307E+11,7.2,2.4,63588975,41533000,3143000000,0,0,3058000000,98540000000,39.9,424000,26710,211400,215500,81570000000,15.6,4140108,166421595,5.11,138500000,-3386000000,76180000000,78300000000,0,67,17,0,16,0,22130000,86590000000,70,121,24.1,1706,1,-1.8,6.4,109180815,1.52,77,216387,2.92,6.7,3219,16450,211400
Pitcairn-Islands,,,,,,,,47,,,,,,,,,,,,,,54,15,,,,,,,,,,,,,,,,,,,,,,,,,,,,,,,,,,,50,0,,0,,,,,
Poland,4.3,21000,3.94848E+11,6114926,-1.7,359000000,126,312685,8.9,,10.6,4.6,,,,18768,4.55,20,3.64993E+11,7.5,2.1,29791401,9561000,20100000000,1246000000,15720000000,5748000000,79790000000,50.6,649600,104800,222300,554200,1.133E+11,39.5,6907937,52916105,5.43,126000000,2920000000,2.41E+11,1.494E+11,12020000000,79,2,0,19,14020000000,38110000,1.569E+11,78.3,2,41.9,144,2,-0.3,23.1,38282325,-0.19,19231,420000,1.38,11.7,3997,4451,493100
Portugal,2.6,0,1.14512E+11,3784684,-3,54970000,64,92090,8.1,,10.8,5,0.5,,41000,24808,2.24,16.8,1.20334E+11,3.5,0.3,7731411,4717000,6258000000,0,6541000000,0,0,125.7,247200,143500,78700,323000,26110000000,42.9,5179685,12028436,6.55,0,-203000000,4.49E+11,46940000000,9701000000,41,25,0,35,4616000000,20560000,56900000000,81.1,8,44.6,624,1.52,0.3,20.8,10302674,-0.25,3075,82900,1.41,20.3,210,0,285200
Puerto-Rico,6,0,73170000000,609027,-0.7,19850000,29,9104,8,,9.5,6.1,,,,39400,-2.4,,49010000000,-2.1,1.8,2326006,1139000,1303000000,0,1303000000,0,0,51.6,98000,18420,127100,0,,8.9,758869,3724680,10.8,0,0,56820000000,19480000000,0,94,2,0,4,0,6294000,20950000000,81.3,21,43.6,,,-14.1,,3189068,-1.59,,26862,1.24,26.6,,0,0
Qatar,5.7,1464000,67500000000,267906,-5.8,114200000,6,11586,9.3,,1.6,2.7,0.1,,,62019,1.6,50.2,30770000000,3,-0.6,2355297,1953000,39900000000,1.265E+11,0,1.664E+11,2.407E+13,53.8,277000,485000,12300,273800,15010000000,26.4,392048,3329155,8.9,25240000000,6426000000,1.678E+11,37240000000,0,100,0,0,1,0,8796000,39780000000,79.4,9,33.7,136,,6.5,35.1,2444174,1.55,,7039,1.88,0.4,,1150000,0
Romania,8.7,70000,1.14311E+11,5083000,-2.8,72070000,45,238391,8.5,,12,3.1,0.1,,190000,12011,4.2,21.1,1.36091E+11,5.5,3.8,15165890,4889000,11580000000,22650000,1218000000,10870000000,1.055E+11,36.8,198000,103000,49420,232600,44430000000,29.3,3731047,25033292,3.06,600000000,-11389000000,95970000000,49640000000,11220000000,47,29,6,19,4177000000,23940000,61780000000,76,19,42.5,120,2.04,-0.2,22.5,21302893,-0.37,11268,84185,1.38,16.2,1731,2076,145300
Russia,6.5,10759000,5.51128E+11,32062780,-1.4,1847000000,1218,17098242,10,,13.4,4.7,1.2,,1000000,12842,1.34,26.5,3.66919E+11,-1,4.4,114920477,69923000,4.675E+11,2.102E+11,15770000000,6.656E+11,4.78E+13,15.5,3650000,2671000,41920,6076000,4.327E+11,16.4,31171043,233342795,4.6,80000000000,65311000000,5.396E+11,9.096E+11,13130000000,68,21,11,1,3194000000,244900000,1.031E+12,71.9,17,40.3,2739,3.9,1.7,23.1,141722205,-0.16,87157,1283387,1.6,17,102000,4921000,76220
Rwanda,28,0,1050000000,7501,-4.3,985600,7,26338,27.9,9.6,6.1,3.1,2.9,2800,230000,2100,6.1,12.5,1922000000,4.2,3.3,2653197,6227000,0,0,0,0,56630000000,40.5,6700,0,6628,0,997600000,21.3,11215,9531609,2.7,0,-622000000,3258000000,527300000,4000000,42,51,0,7,42000000,191000,525000000,65.1,248,19.7,,1.2,-3.3,5.8,12712431,2,,4700,3.52,20.6,,0,0
Saint-Barthelemy,5.6,,,,,,1,25,9.3,,8.7,,,,,,,,,,,,,,,,,,,,,,,,,,,,,,,,,,,,,,,,80.2,,45.6,,,-3,,7122,-0.25,,40,1.64,,,,
Saint-Helena-Ascension-and-Tristan-da-Cunha,12,0,19000000,1347,,10650,2,394,9.4,,8.3,,,,,7800,,,20530000,,4,1800,2486,0,0,0,0,0,,70,0,65,0,,,3921,5228,14,0,,,6510000,0,100,0,0,0,0,8000,7000000,80,,43.2,,,0,,7862,0.13,,198,1.6,,,0,0
Saint-Kitts-and-Nevis,7.8,0,57400000,16400,1.7,248100,2,261,12.6,,7.3,2.6,0.5,,,28200,2.1,19.9,335300000,5,0,42852,18170,0,0,0,0,0,62.9,1700,0,1743,0,365100000,31.9,17766,78970,4.5,0,-97000000,201800000,193400000,0,94,0,0,6,0,64200,208000000,76.6,,36.5,218,,1.2,22.9,53821,0.67,50,383,1.77,,,0,0
Saint-Lucia,10.1,0,185100000,32265,0.3,437900,2,616,12.5,2.8,8.1,3.3,0.6,,,14400,3,19.4,600000000,6,0.1,84112,79700,0,0,0,0,0,70.7,3100,0,3113,0,321800000,23.6,33285,168797,20,0,21000000,570600000,343200000,0,99,0,0,1,0,89000,369000000,78.5,117,36.9,,,-1.7,19.7,166487,0.29,,1210,1.73,46.2,,0,0
Saint-Martin,5.6,,,,,,1,54,14.3,,4.6,,,,,19300,,,,,,1100,17300,,,,,,,,,,,,,,,,,,,,,,,,,,,,80.2,,33.3,,,-6,,32556,0.4,,,1.81,,,,
Saint-Pierre-and-Miquelon,6.1,0,6641000,,3.8,100200,2,242,6.7,,10.9,,,,,46200,,,95350000,,1.5,4500,4429,0,0,0,0,0,,660,0,650,0,,26.8,4086,,8.7,0,,,42780000,0,96,0,0,4,0,27600,46000000,81,,48.5,,,-7.7,,5347,-1.15,,117,1.58,,,0,0
Saint-Vincent-and-the-Grenadines,11,0,48600000,24613,-0.6,226800,6,389,12.6,,7.6,5.7,1.5,,1200,11500,0.7,12.1,295900000,2.5,2.2,22803,57520,0,0,0,0,0,73.8,1620,0,1621,0,182100000,28.7,11889,94367,18.8,0,-116000000,362200000,146000000,0,85,13,0,2,0,54000,157000000,76.2,98,35.3,810,,-7.2,23.7,101390,-0.22,,,1.76,,,0,0
Samoa,17,0,27500000,1692,-4.7,341100,4,2831,19.6,3.2,5.4,4.2,,,,5700,2.5,,89290000000,-1.8,1.3,67662,50700,0,0,0,0,0,49.1,2400,0,2363,0,133000000,28.2,8770,128776,5.2,0,-19000000,447200000,122800000,0,48,23,0,29,0,45000,132000000,74.7,43,25.6,13,,-8.1,47.3,203774,0.61,,1150,2.5,31.9,,0,0
San-Marino,4.2,,3827000000,12500,-2.9,,,61,8.8,,9,3.6,,,,59000,1.9,,2551000000,-1.1,1,20328,21960,,,,,,24.1,,,,,392000000,40.6,16070,38921,8.1,,0,,,,,,,,,,,83.5,,45.2,,,6.6,,34232,0.65,,292,1.52,27.4,,,
Sao-Tome-and-Principe,41.7,0,15600000,1557,-2.4,148100,2,964,29.7,8.8,6.3,5.1,0.7,,1100,1,3.9,18.7,127700000,5,7.8,61193,72600,0,0,0,0,0,88.4,1000,0,1027,0,58950000,26.2,4614,160189,12.2,0,-32000000,292900000,61380000,0,88,11,0,1,0,18100,66000000,66.3,130,19.3,15,,-7.9,12.4,211122,1.58,,1300,3.82,20.8,,0,0
Saudi-Arabia,11.3,10425000,2.211E+11,6821873,-8.9,657100000,214,2149690,14.7,,3.4,,,,8200,54500,-0.9,30.1,1.193E+11,-2.4,-2,30877318,13800000,1.093E+11,0,0,1.093E+11,8.619E+12,17.2,3287000,1784000,609600,2476000,4.964E+11,26.4,5276773,40532610,6,2.662E+11,15230000000,2.051E+11,2.962E+11,0,100,0,0,0,0,82940000,3.241E+11,76.2,17,30.8,374,8,4.7,35.4,34173498,1.6,5410,221372,1.95,28.8,,7341000,0
Senegal,45.7,0,2362000000,129820,-3.6,8644000,20,196722,31.8,13.3,7.6,4.8,0.4,1200,41000,1583,7.2,21.2,5217000000,7.7,-0.8,6909635,6966000,59460000,0,0,59460000,0,48.3,48000,4063,32050,17590,1827000000,19.6,195288,16871654,48,0,-1547000000,8571000000,3497000000,0,82,7,0,11,0,977000,4167000000,63.2,315,19.4,32,1.5,-1.3,8.8,15736368,2.31,906,16665,4.04,8.1,1000,0,17880
Serbia,5.6,17000,15920000000,1552160,0.2,50210000,26,77474,8.8,1.8,13.5,3.6,,,3200,7268,4.18,15.3,20440000000,3.9,-0.1,5192501,3000000,2718000000,0,2010000000,509700000,48140000000,62.5,74000,15750,18720,74350,11910000000,42.7,2060005,6789423,14.1,77500000,-2354000000,29500000000,29810000000,6428000000,65,35,0,1,5068000000,7342000,36540000000,76.3,12,43.4,,2.2,0,21.5,7012165,-0.47,3809,44248,1.46,29.7,587,123,40980
Seychelles,9.3,0,564800000,19696,-0.5,1150000,14,455,12.8,3.6,7.1,4.4,,,,14955,5.3,8.1,1155000000,2.3,1.8,55616,51000,0,0,0,0,0,63.6,7300,0,7225,0,545200000,39.6,19627,188879,3,0,-307000000,2559000000,325500000,0,91,0,0,9,0,88000,350000000,75.6,,36.8,25,1.3,1,14,95981,0.69,,526,1.83,11.6,,0,0
Sierra-Leone,63.6,0,1085000000,,-7.9,984800,8,71740,35.4,13.6,9.8,7.7,1.5,2600,78000,1600,3.7,10,2619000000,15.5,14.8,568099,132000,0,0,0,0,0,63.9,6500,0,6439,0,478000000,15.6,2586,5569221,15,0,-407000000,1615000000,279000000,0,23,51,0,26,0,113300,300000000,59.8,1120,19.1,518,0.7,-1.2,8.7,6624933,2.43,,11700,4.62,9.4,800,0,0
Singapore,2.3,0,6.2668E+11,1610500,-0.3,249500000,9,719,8.9,,3.6,2.9,0.2,,7900,57853,0.73,46.5,5.33478E+11,5.7,0.5,5286665,3778000,12970000000,622900000,13480000000,0,0,111.1,1322000,1820000,2335000,755000,2.799E+11,15.7,2003594,9543773,2.25,0,63109000000,5.661E+11,47690000000,0,98,0,0,2,0,13350000,48660000000,86,8,35.6,3433,3.2,11.8,6.1,6209660,1.73,,3500,0.87,9.1,,14780,783300
Sint-Maarten,7.5,,,,,,1,34,12.9,,5.8,,,,,66800,3.6,,,,4,,23200,,,,,,,10600,0,10440,0,,,,84773,12,,,,,,,,,,,,304300000,78.8,,41.1,,,6,,43847,1.34,,53,2.02,,,0,0
Slovakia,4.9,200,1.13964E+11,1507998,-1,34860000,35,49035,9.3,,10.1,3.9,,,1200,21066,2.4,20.6,1.0788E+11,2.7,2.6,4391969,2511000,4672000000,0,4984000000,104800000,14160000000,50.9,85880,81100,38340,131300,3622000000,39.4,673341,7381164,5,9000000,-3026000000,75040000000,26640000000,10600000000,36,24,27,13,13250000000,7644000,25320000000,77.8,5,41.8,,1.74,0.2,20.5,5440602,-0.05,3580,56926,1.44,14.9,172,1022,111200
Slovenia,1.7,5,49872000000,612737,0,14370000,16,20273,8.7,,10.3,4.8,,,,27631,2.4,26.4,45489000000,8.6,1.6,1676445,885000,906100000,2832000,906100000,8000000,,73.6,52140,29350,93060,0,889900000,43.1,715283,2540917,7.64,0,3050000000,46300000000,13400000000,7972000000,37,34,20,9,8359000000,3536000,15460000000,81.4,7,44.9,8,1.04,1.5,20.2,2102678,0.01,1229,38985,1.59,8.8,,0,0
Solomon-Islands,13.4,0,468600000,1488,-2.9,233500,36,28896,23.6,16.2,3.8,9.9,,,,2200,3.5,13.1,462100000,3.6,0.5,78686,202500,0,0,0,0,0,9.4,1600,0,1577,0,0,41,7130,480124,,0,-54000000,757000000,95790000,0,92,0,0,8,0,38000,103000000,76.2,104,23.5,23,,-1.6,22.5,685097,1.84,,1390,2.97,1.3,,0,0
Somalia,89.5,0,819000000,92000,-0.1,852500,52,637657,38.7,23,12.4,,0.1,,11000,,2.3,,94430000000,3.5,1.5,225181,4154000,0,0,0,0,5663000000,76.7,5600,0,5590,0,30450000,2.1,74800,5612338,,0,-464000000,5300000000,315300000,0,93,0,0,7,0,85000,339000000,54,829,18.5,4,,-3.8,8.3,11757124,2.21,,15000,5.51,,,0,0
South-Africa,27.8,1600,1.23864E+11,1107013,-4.4,572300000,407,1219090,19.2,5.9,9.3,6.5,17.3,72000,7500000,7341,0.06,16.1,1.31721E+11,1.2,4.1,31107064,14687000,5069000000,0,4162000000,906100000,0,53,621000,105600,195200,487100,50720000000,26.6,1934778,92600942,28.53,15000000,-10626000000,1.563E+11,2.071E+11,16550000000,85,1,4,10,10560000000,50020000,2.345E+11,64.8,119,28,103,1,-0.2,28.3,56463617,0.97,20986,750000,2.22,53.4,,0,404000
South-Georgia-and-South-Sandwich-Islands,,,,,,,,3903,,,,,,,,,,,,,,,,,,,,,,,,,,,,,,,,,,,,,,,,,,,,,,,,,,,,,,,,,,
South-Sudan,69.9,150200,1130000000,200,-1.3,1224000,89,644329,38.8,27.7,11.4,1.5,2.4,9100,190000,1600,-5.2,3.6,3795000000,,187.9,814326,,0,0,0,0,63710000000,62.7,8000,0,7160,0,73000000,8.5,0,3439784,,3750000000,-154000000,,391800000,0,100,0,0,1,0,80400,412800000,55.5,1150,18.6,,3.5,0.2,6.6,10561244,2.7,248,90200,5.54,38.6,,147300,0
Spain,3.2,1700,5.33771E+11,15176954,-3.1,286700000,135,505370,8.7,,9.3,4.2,0.4,,150000,33698,1.95,23,4.63145E+11,4,0.7,42478990,19057000,31270000000,2888000000,34630000000,36810000,2548000000,98.4,1296000,562400,464800,1361000,69410000000,37.9,21065700,58750448,14.13,150000000,29603000000,2.094E+12,2.395E+11,14180000000,47,14,7,32,21850000000,105900000,2.586E+11,82,4,43.9,119,0.92,7,23.8,50015792,0.67,15333,683175,1.51,34.3,1000,0,1325000
Spratly-Islands,,,,,,,8,,,,,,,,,,,,,,,,,,,,,,,,,,,,,,,,,,,,,,,,,,,,,,,,,,,,,,,,,,,
Sri-Lanka,7.8,0,16322000000,1544313,-5.5,25190000,18,65610,14.2,20.5,6.5,2.1,,,3600,4103,2.29,33.8,24984000000,4.6,4.3,7700876,8000000,0,0,0,0,0,79.1,116000,3871,66280,34210,7959000000,13.8,2641982,26160623,4.83,0,-10000000,51720000000,12670000000,0,52,42,0,6,0,3998000,13660000000,77.5,36,33.7,97,1.9,-1.3,5.2,22889201,0.67,1562,114093,2.01,21,160,0,33540
Sudan,41.8,95000,4100000000,31352,-10.6,16030000,67,1861484,33.8,33.1,6.5,,0.2,2300,46000,1929,1.4,12.1,8220000000,4.5,50.2,13311404,11920000,0,0,0,0,84950000000,121.6,112000,8541,24340,94830,198000000,18.5,141922,34198859,19.6,5000000000,-4811000000,56050000000,12120000000,0,44,51,0,6,0,3437000,13990000000,66.5,295,18.3,17,1.6,-0.4,6.6,45561556,2.69,7251,31000,4.72,,4068,19540,9440
Suriname,22.1,17000,2028000000,73176,-7.8,2075000,55,163820,14.9,5.8,6.2,,1.3,,5800,14900,1.9,46.6,1293000000,1,22,292685,144000,0,0,0,0,0,69.3,13000,14000,10700,7571,424400000,16.4,96310,845292,8.9,84200000,-2000000,1700000000,1750000000,0,61,38,0,2,0,504000,1967000000,73.3,120,31,10,,0.5,26.4,609569,0.95,,4304,1.86,13.4,1200,0,820
Svalbard,,194300,,,,,4,62045,,,,,,,,,,,,,,,1590,0,0,0,0,,,80250,4488,18600,,,,,,,,,,,,,,,,,,,,,,,,,,2926,-0.03,,40,,,,16070,0
Sweden,2.6,0,3.0265E+11,3973622,1.3,52310000,231,450295,12.1,,9.4,7.6,0.2,,11000,59699,1.29,28.9,2.76622E+11,4.1,1.7,9251773,5029000,764500000,0,764500000,0,0,40.8,323100,371100,229600,413200,62220000000,50.6,1941360,12785850,6.78,0,22339000000,9.399E+11,1.335E+11,26020000000,5,42,22,32,14290000000,40290000,1.529E+11,82.4,4,41.1,360,1.1,5.2,20.6,10202491,0.79,14127,573134,1.87,16.8,2052,14570,400200
Switzerland,3.5,0,4.43997E+11,3957669,1.1,38950000,63,41277,10.5,,8.5,5.1,0.2,,17000,81475,1.11,33.8,3.44477E+11,3.4,0.3,7437820,5067000,3709000000,0,3681000000,0,,41.8,223900,7345,165100,61550,8.112E+11,35.7,3012224,10618759,2.31,0,79937000000,1.664E+12,58460000000,30170000000,3,67,18,13,34100000000,20840000,59010000000,82.8,5,42.7,32,0.7,4.6,19.5,8403994,0.66,5690,71557,1.57,7.9,1292,0,57400
Syria,16.5,25000,1850000000,1328688,-8.7,27510000,90,187437,23.8,5.8,4.5,,,,,2900,-36.5,17,6279000000,4.3,28.1,6077510,3767000,3738000000,0,0,3738000000,2.407E+11,94.8,134000,12520,38080,111600,407300000,4.2,3097164,21115000,50,2500000000,-2123000000,4989000000,14160000000,262000000,83,17,0,0,0,9058000,17070000000,73.7,31,23.5,25,,27.1,27.8,19398448,4.25,2052,69873,2.9,35.8,900,0,87660
Taiwan,4.2,196,3.8849E+11,5725022,-0.1,348800000,37,35980,8,,7.9,,,,,24502,2.71,34.9,3.08744E+11,3.9,0.5,21845944,11498000,22450000000,0,22140000000,237900000,6229000000,35.7,962400,349600,418300,924000,4.567E+11,16,12863860,29049784,3.73,2380000,65173000000,1.819E+11,2.374E+11,0,79,4,11,6,0,49520000,2.461E+11,80.6,,42.3,389,1.7,0.8,,23603049,0.11,1613,43206,1.14,,,0,846400
Tajikistan,28.8,180,873100000,6000,-1.5,6329000,24,144100,21.8,7.6,5.8,5.2,0.2,,14000,3200,7.1,24.4,2390000000,1,7.7,1889632,2295000,19820000,0,0,19820000,5663000000,50.4,24000,0,22460,172,1292000000,31.8,471090,9747803,2.4,12000000,-35000000,5750000000,12960000000,1400000000,6,94,0,0,103000000,5508000,17030000000,69,17,25.3,,1.2,-1.1,14.2,8873669,1.52,680,30000,2.51,,200,0,0
Tanzania,36.4,0,7827000000,861234,-1.8,14570000,166,947300,34.6,14.6,7.1,3.4,5.1,27000,1700000,959,6.98,25,9972000000,12,3.4,13862836,24890000,3115000000,0,0,3115000000,6513000000,37,72000,0,67830,0,5301000000,15.2,74081,46847405,10.3,0,-1313000000,17660000000,5682000000,0,55,40,0,6,102000000,1457000,6699000000,63.9,524,18.2,337,1.3,-0.4,8.4,58552845,2.71,4567,87581,4.59,3.9,,0,0
Thailand,8.6,228000,2.91169E+11,9189000,-3.5,355000000,101,513120,10.7,6.7,8.3,4.1,0.8,14000,480000,6623,2.62,34.1,2.57873E+11,1.6,0.7,38987531,37546000,52640000000,0,14410000000,38590000000,1.934E+11,41.9,1326000,278300,134200,1328000,2.026E+11,15.2,2580166,128086321,0.99,349400000,37033000000,1.32E+11,1.877E+11,2267000000,76,8,0,16,19830000000,44890000,1.815E+11,75.6,37,39,825,1.3,0,10,68977400,0.25,4127,180053,1.54,3.7,4000,790,875400
Timor-Leste,31.7,33000,16700000,603,-75.7,533400,6,14874,32,37.5,5.7,6.8,0.2,,1500,6000,-4.6,,681200000,2,0.6,363398,286700,0,5776000000,0,5776000000,2E+11,3.8,3500,0,3481,0,544400000,10.8,2164,1490966,4.4,0,-284000000,311500000,0,0,0,0,0,100,0,600,0,69.3,142,19.6,1,1,-3.9,3.8,1383723,2.27,,6040,4.44,13.2,,62060,0
Togo,38.5,0,1862000000,26156,-3.8,2651000,8,56785,32,15.2,6.5,5.4,2.3,3000,120000,672,4.4,16.1,2911000000,5,0.6,1010609,2595000,0,0,0,0,0,75.7,15000,0,13100,0,77800000,21.5,45311,6477816,6.9,0,-383000000,1442000000,1261000000,0,70,29,0,1,1140000000,230000,232600000,66.6,396,20,405,3.1,0,8.4,8608444,2.56,568,11734,4.22,3.9,50,0,0
Tokelau,,,103000,,,,,,,,,,,,,6004,,,15792720,,4,805,1100,,,,,,,,,,,,,300,,2,0,,,,,,,,,,,,,,,,,,,1647,-0.01,,10,,,,,
Tonga,10.3,0,18400000,2519,0,139700,6,747,21,1.9,4.9,,,,,5900,2.5,,250200000,5,7.4,43889,33800,0,0,0,0,0,48,900,0,910,0,198500000,39.8,6748,63156,1.1,0,-53000000,189900000,48360000,0,74,0,0,26,0,20300,52000000,77,52,24.1,36,,-17.9,48.2,106095,-0.16,,680,2.87,,,0,0
Trinidad-and-Tobago,20.1,63000,9927000000,341045,-8.2,48920000,4,5128,11.4,4.9,9.1,,0.9,,11000,15185,-2.6,26.4,6105000000,-4.3,1.9,939967,629400,21240000000,15490000000,0,36730000000,4.474E+11,41.8,51000,106100,0,134700,8892000000,24.5,298493,1880555,4.9,243000000,2325000000,8238000000,9867000000,0,100,0,0,0,0,2608000,10070000000,73.9,67,37.8,105,0.7,-5.4,18.6,1208789,-0.3,,,1.7,8.7,,31030,80860
Tunisia,11,39000,13820000000,1014395,-5.8,23420000,29,163610,15.9,1.6,6.4,6.6,,,6500,11900,2,12,19090000000,0.5,6.7,7392242,4054000,5125000000,0,3851000000,1274000000,65130000000,70.3,102000,13660,85340,27770,5594000000,24.7,1444631,14679917,15.5,425000000,-4191000000,30190000000,15270000000,500000000,94,1,0,5,134000000,5768000,18440000000,76.3,43,32.7,67,2.6,-1.4,26.9,11721177,0.85,2173,,2.06,35,,39980,17580
Turkey,15.8,55000,3.10671E+11,13407226,-1.5,379500000,98,783562,14.8,1.5,6.1,4.3,,,,15075,0.98,25.5,2.58385E+11,9.1,15.4,57725143,25677000,53600000000,622900000,55130000000,368100000,5097000000,28.3,989900,141600,560000,657900,1.077E+11,20.3,11283768,79068023,13.68,341600000,8561000000,4.524E+11,2.311E+11,1442000000,53,33,0,14,6330000000,78500000,2.619E+11,75.7,17,32.2,1234,1.89,-4.3,32.1,82017514,0.45,12710,67333,1.96,20.2,1200,0,521500
Turkmenistan,30.8,244000,7458000000,4000,-2.8,100500000,26,488100,18.3,3.2,6.1,3.1,,,,7644,6.5,23.9,4571000000,1,8,1149840,2305000,39310000000,38140000000,0,77450000000,7.504E+12,28.8,160000,53780,0,191100,24910000000,14.9,648223,8908821,11,600000000,-4359000000,539400000,15090000000,3201000000,100,0,0,0,0,4001000,21180000000,71.3,7,29.2,71,,-1.7,18.6,5528627,1.06,5113,58592,2.04,,1300,67790,0
Turks-and-Caicos-Islands,9.3,0,24770000,,,221800,8,948,14.1,,3.4,2.9,,,,27100,5.3,,591300000,3,4,,4848,0,0,0,0,0,,1420,0,1369,0,,,6096,,10,0,,,218600000,0,100,0,0,0,0,82000,235000000,80.3,,34.6,4,,8.9,,55926,2,,121,1.7,,,0,0
Tuvalu,26.6,0,600000,1000,25.6,,1,26,23.4,,8.2,,,,,3800,3.2,,20690000000,-26.1,4.1,5498,3615,0,0,0,0,,37,,0,,0,,106.7,1978,7911,,0,2000000,,,0,96,0,0,,0,5100,11800000,67.9,,26.6,243,,-6.5,51.6,11342,0.87,,8,2.88,20.6,,0,0
Uganda,32.6,0,7686000000,9485,-4.1,4703000,47,241038,42.3,10.4,5.3,2.1,6.1,21000,1500000,2400,4.8,20.6,9991000000,4.4,2.8,9620681,15840000,0,0,0,0,14160000000,40,32000,0,31490,0,3654000000,14.5,184065,23957740,9.4,2500000000,-1212000000,10800000000,3106000000,121000000,19,68,0,12,50000000,1020000,3463000000,68.2,375,15.7,1,2.1,-3.5,5.3,43252966,3.34,1244,20544,5.54,14.8,,0,0
Ukraine,7.4,32000,1.61231E+11,5405125,-1.5,238900000,187,603550,9.6,,14,5.4,0.7,5900,250000,7439,3.24,18.9,2.07335E+11,3.1,7.9,25883509,17990000,30920000000,0,12970000000,19730000000,1.104E+12,71,233000,1828,167000,63670,18810000000,26.6,4378911,57431439,8.89,395000000,-4124000000,1.3E+11,1.332E+11,3591000000,65,8,23,3,77000000,57280000,1.536E+11,72.9,19,41.2,408,3.9,2.3,24.1,43922939,-0.1,21733,169694,1.56,17.9,1672,413,4720
United-Arab-Emirates,5.3,3216000,3.085E+11,3024565,-0.2,289400000,43,83600,9.5,,2,,,,,68600,0.8,28.5,2.292E+11,1.8,-1.9,9550945,5344000,74480000000,7504000000,20220000000,62010000000,6.091E+12,19.7,896000,817700,392000,943500,95370000000,28.8,2380238,19749674,1.6,97800000000,26470000000,2.376E+11,1.132E+11,0,99,0,0,1,1141000000,28910000,1.218E+11,79,3,38.4,637,5.7,7.6,31.7,9992083,1.49,,4080,1.73,6.9,,2552000,0
United-Kingdom,4.1,1000000,9.01882E+11,26586110,-1.9,424000000,460,243610,11.9,,9.5,5.4,,,,43111,1.26,13.6,9.87018E+11,3.4,1.7,61784878,16033000,79170000000,11270000000,47000000000,42110000000,1.76E+11,87.5,1584000,613800,907500,1290000,1.508E+11,39.1,31160866,76920618,3.17,2069000000,-1.21921E+11,8.126E+12,3.092E+11,2153000000,50,2,9,39,19700000000,97060000,3.182E+11,81.1,7,40.6,1426,2.14,2.5,27.8,65761117,0.49,16837,394428,1.86,11.3,3200,710600,907100
United-States,5.3,10962000,2.37716E+12,110568000,-3.4,5242000000,13513,9833517,12.4,0.5,8.3,5,,,,55761,2.16,18.9,3.21418E+12,2.3,1.8,285519020,35412000,7.676E+11,89700000000,86150000000,7.728E+11,0,78.8,19960000,5218000,2175000,20300000,1.233E+11,17,107667642,408509528,3.89,,-4.80225E+11,1.791E+13,3.902E+12,9695000000,70,7,9,14,72720000000,1087000000,4.095E+12,80.3,19,38.5,3673,3.42,3,36.2,332639102,0.72,293564,6586610,1.84,8.6,41009,1158000,7969000
United-States-Pacific-Island-Wildlife-Refuges,,0,,,,,,,,,,,,,,,,,,,,,,,,,,,,,,,,,,,,,,,,,,,,,,,,,,,,,,,,,,,,,,,,
Uruguay,7.8,0,11410000000,977390,-3.5,7554000,133,176215,12.9,4,9.3,5,0.6,,14000,22400,2.7,17.2,8607000000,-3.6,7.8,2300557,1748000,70790000,0,70790000,0,0,65.7,53000,0,9591,42220,15960000000,29.8,1137193,4664993,7.6,0,879000000,28370000000,10770000000,1321000000,29,29,0,42,24000000,4808000,13130000000,77.9,17,35.5,60,2,-0.9,27.9,3387605,0.27,1673,77732,1.77,25.9,1600,0,40200
Uzbekistan,16.3,41000,11480000000,4123508,0.3,95580000,53,447400,16.1,2.9,5.4,5.3,0.2,,50000,6900,5.3,32.7,11420000000,4.5,12.5,15705402,13273000,43070000000,9401000000,0,52100000000,1.841E+12,24.3,60000,3977,0,61740,16000000000,31.2,3262896,30662740,5,594000000,1713000000,16900000000,49070000000,13000000000,86,14,0,0,10840000000,12960000,55550000000,74.8,29,30.1,,4,-1.9,16.6,30565411,0.88,4642,86496,1.74,,1100,27000,420
Vanuatu,12.7,0,44700000,4718,-0.9,164800,31,12189,22.4,11.7,4,4.5,,,,2700,4.2,,273700000,4.5,3.1,74083,115900,0,0,0,0,0,48.4,1100,0,1073,0,395100000,27.2,3724,259317,1.7,0,-13000000,200500000,58590000,0,71,0,0,29,0,37000,63000000,74.6,72,23,369,,-1.3,25.2,298333,1.73,,1070,2.79,,,0,0
Venezuela,27.9,1484000,83401000000,2604578,-46.1,129900000,444,912050,17.9,2.9,7.5,,0.5,,110000,7704,-19.67,12.1,18432000000,-2,146101.7,21354499,14210000,24210000000,0,0,27070000000,5.739E+12,38.9,659000,325800,20640,926300,9661000000,44.2,5501135,16664106,6.9,3.023E+11,4277000000,1.003E+11,71960000000,0,51,49,0,0,0,31000000,1.093E+11,71,125,30,289,0.5,-3.4,25.6,28644603,-0.18,447,96189,2.26,14.6,7100,1656000,0
Vietnam,15.7,242000,2.48953E+11,12994451,-6.7,235300000,45,331210,14.5,13.4,6,4.2,0.3,5000,230000,2125,6.8,29,2.66066E+11,8,2.7,68267875,54659000,8098000000,0,0,8098000000,6.994E+11,58.5,438000,25620,282800,153800,49500000000,24.8,3710210,138256733,3.11,4400000000,12478000000,96580000000,1.432E+11,713000000,56,43,0,1,2733000000,40770000,1.582E+11,74.4,43,31.9,1863,2.3,-0.3,2.1,98721275,0.84,2600,195468,1.77,6.9,47130,324600,0
Virgin-Islands,7.4,0,1810000000,,-0.4,2764000,2,1910,12.1,,8.5,,,,,37000,0.9,,2489000000,,1,68872,48550,0,0,0,0,0,53.3,1240,3285,23480,0,,28.9,77212,,10.4,0,,,654700000,0,98,0,0,2,0,325000,704000000,79.8,,41.8,1868,,-7.5,,106235,-0.37,,1260,2.03,,,0,0
Wake-Island,,0,,,,,1,,,,,,,,,,,,,,,,,,,,,,,,,,,,,,,,,,,,,,,,,,,,,,,,,,,,,,,,,,,
Wallis-and-Futuna,4.2,,47450,,-0.8,,2,142,12.7,,5.7,,,,,3800,,,61170000,,0.9,3450,4482,,,,,,5.6,,,,,,16.7,4012,,8.8,,,3670000,,,,,,,,,,80.2,,34,,,-4.3,,15854,0.28,,,1.71,,,,
West-Bank,12.8,0,2126000000,371299,0.4,3113000,2,5860,25.2,1.4,3.4,5.3,,,,4300,5.3,7.8,6565000000,2.2,0.2,2673000,1240000,0,0,0,0,0,24.4,24000,19,22740,0,0,13.4,472293,4135363,27.9,0,-1444000000,1662000000,6489000000,0,78,0,0,22,5473000000,170000,1093000000,75.9,27,21.9,,,-4.2,,2900034,1.77,,4686,3.07,42.2,,0,0
Yemen,41.9,61000,384500000,386330,-5.2,13680000,57,527968,25.8,39.9,5.6,,,,11000,2500,-5.9,-1.9,4079000000,8.9,24.7,7659884,7425000,481400000,0,0,481400000,4.785E+11,74.5,104000,12670,75940,20180,245400000,9,1253287,16158028,27,3000000000,-1236000000,7068000000,3681000000,0,79,0,0,21,0,1819000,4784000000,66.9,164,19.8,34,3.98,-0.2,17.1,29884405,2.04,,71300,3.2,24.5,,8990,0
Zambia,56,0,8216000000,43365,-7.3,3777000,88,752618,40.4,11.8,11.6,4.6,12.1,17000,1200000,4000,3.4,38.3,7852000000,4.7,9.1,2351646,6898000,0,0,0,0,0,63.1,23000,371,10150,13120,2082000000,17.4,91422,16322168,15,0,-1006000000,11660000000,11040000000,1176000000,5,93,0,2,2185000000,2573000,11550000000,53.6,213,16.9,1,1.2,0,8.1,17426623,2.89,3126,67671,5.49,24,2250,0,12860
Zimbabwe,30.3,0,4422000000,203056,-9.6,12060000,196,390757,33.6,9.7,9.3,5.9,13.4,20000,1400000,1306,3.7,23.3,7215000000,0.3,241.7,3796618,7907000,0,0,0,0,0,82.3,27000,0,26400,0,431800000,21.5,258419,12863830,11.3,0,-716000000,9357000000,7118000000,1239000000,58,37,0,5,2220000000,2122000,6800000000,62.3,458,20.5,,1,-5,15.5,14546314,1.87,3427,97267,3.93,16.5,,0,0